solid OpenSCAD_Model
  facet normal 0.0652336 0.99787 -0
    outer loop
      vertex 39.6958 56.1872 0
      vertex 39.5 56.2 2
      vertex 39.6958 56.1872 2
    endloop
  endfacet
  facet normal 0.0652336 0.99787 0
    outer loop
      vertex 39.5 56.2 2
      vertex 39.6958 56.1872 0
      vertex 39.5 56.2 0
    endloop
  endfacet
  facet normal -0.946943 -0.321401 0
    outer loop
      vertex 0.114166 0.925964 0
      vertex 0.0511017 1.11177 2
      vertex 0.0511017 1.11177 0
    endloop
  endfacet
  facet normal -0.946943 -0.321401 0
    outer loop
      vertex 0.0511017 1.11177 2
      vertex 0.114166 0.925964 0
      vertex 0.114166 0.925964 2
    endloop
  endfacet
  facet normal 0.752198 0.658937 0
    outer loop
      vertex 40.69 55.6131 2
      vertex 40.5607 55.7607 0
      vertex 40.5607 55.7607 2
    endloop
  endfacet
  facet normal 0.752198 0.658937 0
    outer loop
      vertex 40.5607 55.7607 0
      vertex 40.69 55.6131 2
      vertex 40.69 55.6131 0
    endloop
  endfacet
  facet normal 0.195234 0.980757 -0
    outer loop
      vertex 39.8882 56.1489 0
      vertex 39.6958 56.1872 2
      vertex 39.8882 56.1489 2
    endloop
  endfacet
  facet normal 0.195234 0.980757 0
    outer loop
      vertex 39.6958 56.1872 2
      vertex 39.8882 56.1489 0
      vertex 39.6958 56.1872 0
    endloop
  endfacet
  facet normal 0.946885 0.321574 0
    outer loop
      vertex 40.9489 55.0882 2
      vertex 40.8858 55.274 0
      vertex 40.8858 55.274 2
    endloop
  endfacet
  facet normal 0.946885 0.321574 0
    outer loop
      vertex 40.8858 55.274 0
      vertex 40.9489 55.0882 2
      vertex 40.9489 55.0882 0
    endloop
  endfacet
  facet normal -0.896876 0.442282 0
    outer loop
      vertex 0.114166 55.274 0
      vertex 0.200958 55.45 2
      vertex 0.200958 55.45 0
    endloop
  endfacet
  facet normal -0.896876 0.442282 0
    outer loop
      vertex 0.200958 55.45 2
      vertex 0.114166 55.274 0
      vertex 0.114166 55.274 2
    endloop
  endfacet
  facet normal 0 -1 0
    outer loop
      vertex 1.5 0 0
      vertex 39.5 0 2
      vertex 1.5 0 2
    endloop
  endfacet
  facet normal 0 -1 -0
    outer loop
      vertex 39.5 0 2
      vertex 1.5 0 0
      vertex 39.5 0 0
    endloop
  endfacet
  facet normal -0.94694 0.321411 0
    outer loop
      vertex 0.0511017 55.0882 0
      vertex 0.114166 55.274 2
      vertex 0.114166 55.274 0
    endloop
  endfacet
  facet normal -0.94694 0.321411 0
    outer loop
      vertex 0.114166 55.274 2
      vertex 0.0511017 55.0882 0
      vertex 0.0511017 55.0882 2
    endloop
  endfacet
  facet normal -0.997859 -0.065399 0
    outer loop
      vertex 0.0128326 1.3042 0
      vertex 0 1.5 2
      vertex 0 1.5 0
    endloop
  endfacet
  facet normal -0.997859 -0.065399 0
    outer loop
      vertex 0 1.5 2
      vertex 0.0128326 1.3042 0
      vertex 0.0128326 1.3042 2
    endloop
  endfacet
  facet normal 1 -0 0
    outer loop
      vertex 41 1.5 2
      vertex 41 54.7 0
      vertex 41 54.7 2
    endloop
  endfacet
  facet normal 1 0 0
    outer loop
      vertex 41 54.7 0
      vertex 41 1.5 2
      vertex 41 1.5 0
    endloop
  endfacet
  facet normal 0 1 -0
    outer loop
      vertex 39.5 56.2 0
      vertex 1.5 56.2 2
      vertex 39.5 56.2 2
    endloop
  endfacet
  facet normal 0 1 0
    outer loop
      vertex 1.5 56.2 2
      vertex 39.5 56.2 0
      vertex 1.5 56.2 0
    endloop
  endfacet
  facet normal -0.980787 0.195082 0
    outer loop
      vertex 0.0128326 54.8958 0
      vertex 0.0511017 55.0882 2
      vertex 0.0511017 55.0882 0
    endloop
  endfacet
  facet normal -0.980787 0.195082 0
    outer loop
      vertex 0.0511017 55.0882 2
      vertex 0.0128326 54.8958 0
      vertex 0.0128326 54.8958 2
    endloop
  endfacet
  facet normal -0.321564 0.946888 0
    outer loop
      vertex 1.11177 56.1489 0
      vertex 0.925964 56.0858 2
      vertex 1.11177 56.1489 2
    endloop
  endfacet
  facet normal -0.321564 0.946888 0
    outer loop
      vertex 0.925964 56.0858 2
      vertex 1.11177 56.1489 0
      vertex 0.925964 56.0858 0
    endloop
  endfacet
  facet normal 0.99787 0.0652336 0
    outer loop
      vertex 41 54.7 2
      vertex 40.9872 54.8958 0
      vertex 40.9872 54.8958 2
    endloop
  endfacet
  facet normal 0.99787 0.0652336 0
    outer loop
      vertex 40.9872 54.8958 0
      vertex 41 54.7 2
      vertex 41 54.7 0
    endloop
  endfacet
  facet normal 0.831422 0.555641 0
    outer loop
      vertex 40.799 55.45 2
      vertex 40.69 55.6131 0
      vertex 40.69 55.6131 2
    endloop
  endfacet
  facet normal 0.831422 0.555641 0
    outer loop
      vertex 40.69 55.6131 0
      vertex 40.799 55.45 2
      vertex 40.799 55.45 0
    endloop
  endfacet
  facet normal -0.831401 0.555673 0
    outer loop
      vertex 0.200958 55.45 0
      vertex 0.309967 55.6131 2
      vertex 0.309967 55.6131 0
    endloop
  endfacet
  facet normal -0.831401 0.555673 0
    outer loop
      vertex 0.309967 55.6131 2
      vertex 0.200958 55.45 0
      vertex 0.200958 55.45 2
    endloop
  endfacet
  facet normal 0.321411 -0.94694 0
    outer loop
      vertex 39.8882 0.0511017 0
      vertex 40.074 0.114166 2
      vertex 39.8882 0.0511017 2
    endloop
  endfacet
  facet normal 0.321411 -0.94694 0
    outer loop
      vertex 40.074 0.114166 2
      vertex 39.8882 0.0511017 0
      vertex 40.074 0.114166 0
    endloop
  endfacet
  facet normal -1 0 0
    outer loop
      vertex 0 1.5 0
      vertex 0 54.7 2
      vertex 0 54.7 0
    endloop
  endfacet
  facet normal -1 -0 0
    outer loop
      vertex 0 54.7 2
      vertex 0 1.5 0
      vertex 0 1.5 2
    endloop
  endfacet
  facet normal -0.980793 -0.195053 0
    outer loop
      vertex 0.0511017 1.11177 0
      vertex 0.0128326 1.3042 2
      vertex 0.0128326 1.3042 0
    endloop
  endfacet
  facet normal -0.980793 -0.195053 0
    outer loop
      vertex 0.0128326 1.3042 2
      vertex 0.0511017 1.11177 0
      vertex 0.0511017 1.11177 2
    endloop
  endfacet
  facet normal -0.555562 -0.831475 0
    outer loop
      vertex 0.586853 0.309967 0
      vertex 0.75 0.200958 2
      vertex 0.586853 0.309967 2
    endloop
  endfacet
  facet normal -0.555562 -0.831475 -0
    outer loop
      vertex 0.75 0.200958 2
      vertex 0.586853 0.309967 0
      vertex 0.75 0.200958 0
    endloop
  endfacet
  facet normal 0.89686 0.442315 0
    outer loop
      vertex 40.8858 55.274 2
      vertex 40.799 55.45 0
      vertex 40.799 55.45 2
    endloop
  endfacet
  facet normal 0.89686 0.442315 0
    outer loop
      vertex 40.799 55.45 0
      vertex 40.8858 55.274 2
      vertex 40.8858 55.274 0
    endloop
  endfacet
  facet normal 0.980757 0.195234 0
    outer loop
      vertex 40.9872 54.8958 2
      vertex 40.9489 55.0882 0
      vertex 40.9489 55.0882 2
    endloop
  endfacet
  facet normal 0.980757 0.195234 0
    outer loop
      vertex 40.9489 55.0882 0
      vertex 40.9872 54.8958 2
      vertex 40.9872 54.8958 0
    endloop
  endfacet
  facet normal 0.555641 0.831422 -0
    outer loop
      vertex 40.4131 55.89 0
      vertex 40.25 55.999 2
      vertex 40.4131 55.89 2
    endloop
  endfacet
  facet normal 0.555641 0.831422 0
    outer loop
      vertex 40.25 55.999 2
      vertex 40.4131 55.89 0
      vertex 40.25 55.999 0
    endloop
  endfacet
  facet normal 0.896824 -0.442388 0
    outer loop
      vertex 40.799 0.75 2
      vertex 40.8858 0.925964 0
      vertex 40.8858 0.925964 2
    endloop
  endfacet
  facet normal 0.896824 -0.442388 0
    outer loop
      vertex 40.8858 0.925964 0
      vertex 40.799 0.75 2
      vertex 40.799 0.75 0
    endloop
  endfacet
  facet normal 0.658937 0.752198 -0
    outer loop
      vertex 40.5607 55.7607 0
      vertex 40.4131 55.89 2
      vertex 40.5607 55.7607 2
    endloop
  endfacet
  facet normal 0.658937 0.752198 0
    outer loop
      vertex 40.4131 55.89 2
      vertex 40.5607 55.7607 0
      vertex 40.4131 55.89 0
    endloop
  endfacet
  facet normal 0.065399 -0.997859 0
    outer loop
      vertex 39.5 0 0
      vertex 39.6958 0.0128326 2
      vertex 39.5 0 2
    endloop
  endfacet
  facet normal 0.065399 -0.997859 0
    outer loop
      vertex 39.6958 0.0128326 2
      vertex 39.5 0 0
      vertex 39.6958 0.0128326 0
    endloop
  endfacet
  facet normal -0.752036 0.659122 0
    outer loop
      vertex 0.309967 55.6131 0
      vertex 0.439331 55.7607 2
      vertex 0.439331 55.7607 0
    endloop
  endfacet
  facet normal -0.752036 0.659122 0
    outer loop
      vertex 0.439331 55.7607 2
      vertex 0.309967 55.6131 0
      vertex 0.309967 55.6131 2
    endloop
  endfacet
  facet normal 0.321574 0.946885 -0
    outer loop
      vertex 40.074 56.0858 0
      vertex 39.8882 56.1489 2
      vertex 40.074 56.0858 2
    endloop
  endfacet
  facet normal 0.321574 0.946885 0
    outer loop
      vertex 39.8882 56.1489 2
      vertex 40.074 56.0858 0
      vertex 39.8882 56.1489 0
    endloop
  endfacet
  facet normal -0.065399 -0.997859 0
    outer loop
      vertex 1.3042 0.0128326 0
      vertex 1.5 0 2
      vertex 1.3042 0.0128326 2
    endloop
  endfacet
  facet normal -0.065399 -0.997859 -0
    outer loop
      vertex 1.5 0 2
      vertex 1.3042 0.0128326 0
      vertex 1.5 0 0
    endloop
  endfacet
  facet normal 0.946888 -0.321564 0
    outer loop
      vertex 40.8858 0.925964 2
      vertex 40.9489 1.11177 0
      vertex 40.9489 1.11177 2
    endloop
  endfacet
  facet normal 0.946888 -0.321564 0
    outer loop
      vertex 40.9489 1.11177 0
      vertex 40.8858 0.925964 2
      vertex 40.8858 0.925964 0
    endloop
  endfacet
  facet normal 0.831496 -0.55553 0
    outer loop
      vertex 40.69 0.586853 2
      vertex 40.799 0.75 0
      vertex 40.799 0.75 2
    endloop
  endfacet
  facet normal 0.831496 -0.55553 0
    outer loop
      vertex 40.799 0.75 0
      vertex 40.69 0.586853 2
      vertex 40.69 0.586853 0
    endloop
  endfacet
  facet normal -0.751863 -0.659319 0
    outer loop
      vertex 0.439331 0.439331 0
      vertex 0.309967 0.586853 2
      vertex 0.309967 0.586853 0
    endloop
  endfacet
  facet normal -0.751863 -0.659319 0
    outer loop
      vertex 0.309967 0.586853 2
      vertex 0.439331 0.439331 0
      vertex 0.439331 0.439331 2
    endloop
  endfacet
  facet normal 0 0 -1
    outer loop
      vertex 13 47.3 0
      vertex 28 48.7 0
      vertex 28 47.3 0
    endloop
  endfacet
  facet normal -0 0 -1
    outer loop
      vertex 28 48.7 0
      vertex 13 47.3 0
      vertex 13 48.7 0
    endloop
  endfacet
  facet normal 0 0 -1
    outer loop
      vertex 39.5 0 0
      vertex 41 1.5 0
      vertex 40.9872 1.3042 0
    endloop
  endfacet
  facet normal 0 0 -1
    outer loop
      vertex 41 1.5 0
      vertex 22.1829 30.3389 0
      vertex 41 54.7 0
    endloop
  endfacet
  facet normal 0 0 -1
    outer loop
      vertex 39.5 0 0
      vertex 40.9872 1.3042 0
      vertex 40.9489 1.11177 0
    endloop
  endfacet
  facet normal 0 -0 -1
    outer loop
      vertex 22.2 30.6 0
      vertex 41 54.7 0
      vertex 22.1829 30.3389 0
    endloop
  endfacet
  facet normal 0 0 -1
    outer loop
      vertex 39.5 0 0
      vertex 40.9489 1.11177 0
      vertex 40.8858 0.925964 0
    endloop
  endfacet
  facet normal 0 -0 -1
    outer loop
      vertex 28 46.1 0
      vertex 41 54.7 0
      vertex 22.2 30.6 0
    endloop
  endfacet
  facet normal 0 0 -1
    outer loop
      vertex 39.5 0 0
      vertex 40.8858 0.925964 0
      vertex 40.799 0.75 0
    endloop
  endfacet
  facet normal 0 0 -1
    outer loop
      vertex 28 47.3 0
      vertex 41 54.7 0
      vertex 28 46.1 0
    endloop
  endfacet
  facet normal 0 0 -1
    outer loop
      vertex 39.5 0 0
      vertex 40.799 0.75 0
      vertex 40.69 0.586853 0
    endloop
  endfacet
  facet normal 0 0 -1
    outer loop
      vertex 28 48.7 0
      vertex 41 54.7 0
      vertex 28 47.3 0
    endloop
  endfacet
  facet normal 0 0 -1
    outer loop
      vertex 39.5 0 0
      vertex 40.69 0.586853 0
      vertex 40.5607 0.439331 0
    endloop
  endfacet
  facet normal 0 -0 -1
    outer loop
      vertex 39.5 56.2 0
      vertex 41 54.7 0
      vertex 28 49.9 0
    endloop
  endfacet
  facet normal 0 0 -1
    outer loop
      vertex 39.5 0 0
      vertex 40.5607 0.439331 0
      vertex 40.4131 0.309967 0
    endloop
  endfacet
  facet normal 0 0 -1
    outer loop
      vertex 41 54.7 0
      vertex 39.5 56.2 0
      vertex 40.9872 54.8958 0
    endloop
  endfacet
  facet normal 0 0 -1
    outer loop
      vertex 39.5 0 0
      vertex 40.4131 0.309967 0
      vertex 40.25 0.200958 0
    endloop
  endfacet
  facet normal 0 0 -1
    outer loop
      vertex 40.8858 55.274 0
      vertex 39.5 56.2 0
      vertex 40.799 55.45 0
    endloop
  endfacet
  facet normal 0 0 -1
    outer loop
      vertex 39.5 0 0
      vertex 40.25 0.200958 0
      vertex 40.074 0.114166 0
    endloop
  endfacet
  facet normal 0 0 -1
    outer loop
      vertex 40.69 55.6131 0
      vertex 39.5 56.2 0
      vertex 40.5607 55.7607 0
    endloop
  endfacet
  facet normal 0 0 -1
    outer loop
      vertex 39.5 0 0
      vertex 40.074 0.114166 0
      vertex 39.8882 0.0511017 0
    endloop
  endfacet
  facet normal 0 0 -1
    outer loop
      vertex 40.5607 55.7607 0
      vertex 39.5 56.2 0
      vertex 40.4131 55.89 0
    endloop
  endfacet
  facet normal 0 0 -1
    outer loop
      vertex 39.5 0 0
      vertex 39.8882 0.0511017 0
      vertex 39.6958 0.0128326 0
    endloop
  endfacet
  facet normal 0 0 -1
    outer loop
      vertex 40.25 55.999 0
      vertex 39.5 56.2 0
      vertex 40.074 56.0858 0
    endloop
  endfacet
  facet normal -0 0 -1
    outer loop
      vertex 41 1.5 0
      vertex 39.5 0 0
      vertex 18.5071 23.8929 0
    endloop
  endfacet
  facet normal 0 0 -1
    outer loop
      vertex 40.074 56.0858 0
      vertex 39.5 56.2 0
      vertex 39.8882 56.1489 0
    endloop
  endfacet
  facet normal 0 0 -1
    outer loop
      vertex 39.8882 56.1489 0
      vertex 39.5 56.2 0
      vertex 39.6958 56.1872 0
    endloop
  endfacet
  facet normal 0 0 -1
    outer loop
      vertex 40.9489 55.0882 0
      vertex 39.5 56.2 0
      vertex 40.8858 55.274 0
    endloop
  endfacet
  facet normal 0 0 -1
    outer loop
      vertex 28 49.9 0
      vertex 41 54.7 0
      vertex 28 48.7 0
    endloop
  endfacet
  facet normal 0 0 -1
    outer loop
      vertex 41 1.5 0
      vertex 22.1319 30.0824 0
      vertex 22.1829 30.3389 0
    endloop
  endfacet
  facet normal 0 0 -1
    outer loop
      vertex 41 1.5 0
      vertex 22.0478 29.8346 0
      vertex 22.1319 30.0824 0
    endloop
  endfacet
  facet normal 0 0 -1
    outer loop
      vertex 41 1.5 0
      vertex 21.9321 29.6 0
      vertex 22.0478 29.8346 0
    endloop
  endfacet
  facet normal 0 0 -1
    outer loop
      vertex 41 1.5 0
      vertex 21.7867 29.3825 0
      vertex 21.9321 29.6 0
    endloop
  endfacet
  facet normal 0 0 -1
    outer loop
      vertex 41 1.5 0
      vertex 18.7239 24.2173 0
      vertex 21.7867 29.3825 0
    endloop
  endfacet
  facet normal 0 0 -1
    outer loop
      vertex 21.7867 29.3825 0
      vertex 18.7239 24.2173 0
      vertex 21.6142 29.1858 0
    endloop
  endfacet
  facet normal 0 -0 -1
    outer loop
      vertex 18.7659 24.3412 0
      vertex 21.6142 29.1858 0
      vertex 18.7239 24.2173 0
    endloop
  endfacet
  facet normal 0 0 -1
    outer loop
      vertex 21.6142 29.1858 0
      vertex 18.7659 24.3412 0
      vertex 21.4175 29.0133 0
    endloop
  endfacet
  facet normal 0 -0 -1
    outer loop
      vertex 18.8 24.6 0
      vertex 21.4175 29.0133 0
      vertex 18.7914 24.4695 0
    endloop
  endfacet
  facet normal 0 0 -1
    outer loop
      vertex 21.4175 29.0133 0
      vertex 18.8 24.6 0
      vertex 21.2 28.8679 0
    endloop
  endfacet
  facet normal 0 0 -1
    outer loop
      vertex 18.7914 24.7305 0
      vertex 21.2 28.8679 0
      vertex 18.8 24.6 0
    endloop
  endfacet
  facet normal 0 0 -1
    outer loop
      vertex 21.2 28.8679 0
      vertex 18.7914 24.7305 0
      vertex 20.9654 28.7522 0
    endloop
  endfacet
  facet normal 0 0 -1
    outer loop
      vertex 20.9654 28.7522 0
      vertex 18.7659 24.8588 0
      vertex 20.7176 28.6681 0
    endloop
  endfacet
  facet normal 0 0 -1
    outer loop
      vertex 18.7239 24.9827 0
      vertex 20.7176 28.6681 0
      vertex 18.7659 24.8588 0
    endloop
  endfacet
  facet normal 0 0 -1
    outer loop
      vertex 18.666 25.1 0
      vertex 20.4611 28.6171 0
      vertex 18.7239 24.9827 0
    endloop
  endfacet
  facet normal 0 0 -1
    outer loop
      vertex 20.4611 28.6171 0
      vertex 18.666 25.1 0
      vertex 20.2 28.6 0
    endloop
  endfacet
  facet normal 0 0 -1
    outer loop
      vertex 18.5934 25.2088 0
      vertex 20.2 28.6 0
      vertex 18.666 25.1 0
    endloop
  endfacet
  facet normal 0 0 -1
    outer loop
      vertex 20.7176 28.6681 0
      vertex 18.7239 24.9827 0
      vertex 20.4611 28.6171 0
    endloop
  endfacet
  facet normal 0 0 -1
    outer loop
      vertex 18.7659 24.8588 0
      vertex 20.9654 28.7522 0
      vertex 18.7914 24.7305 0
    endloop
  endfacet
  facet normal 0 -0 -1
    outer loop
      vertex 18.7914 24.4695 0
      vertex 21.4175 29.0133 0
      vertex 18.7659 24.3412 0
    endloop
  endfacet
  facet normal 0 0 -1
    outer loop
      vertex 41 1.5 0
      vertex 18.666 24.1 0
      vertex 18.7239 24.2173 0
    endloop
  endfacet
  facet normal 0 0 -1
    outer loop
      vertex 41 1.5 0
      vertex 18.5934 23.9912 0
      vertex 18.666 24.1 0
    endloop
  endfacet
  facet normal 0 0 -1
    outer loop
      vertex 41 1.5 0
      vertex 18.5071 23.8929 0
      vertex 18.5934 23.9912 0
    endloop
  endfacet
  facet normal 0 0 -1
    outer loop
      vertex 39.5 0 0
      vertex 18.4088 23.8066 0
      vertex 18.5071 23.8929 0
    endloop
  endfacet
  facet normal 0 0 -1
    outer loop
      vertex 39.5 0 0
      vertex 18.3 23.734 0
      vertex 18.4088 23.8066 0
    endloop
  endfacet
  facet normal 0 0 -1
    outer loop
      vertex 39.5 0 0
      vertex 18.1827 23.6761 0
      vertex 18.3 23.734 0
    endloop
  endfacet
  facet normal 0 0 -1
    outer loop
      vertex 39.5 0 0
      vertex 18.0588 23.6341 0
      vertex 18.1827 23.6761 0
    endloop
  endfacet
  facet normal 0 0 -1
    outer loop
      vertex 39.5 0 0
      vertex 17.9305 23.6086 0
      vertex 18.0588 23.6341 0
    endloop
  endfacet
  facet normal 0 0 -1
    outer loop
      vertex 1.5 0 0
      vertex 17.9305 23.6086 0
      vertex 39.5 0 0
    endloop
  endfacet
  facet normal 0 0 -1
    outer loop
      vertex 17.9305 23.6086 0
      vertex 1.5 0 0
      vertex 17.8 23.6 0
    endloop
  endfacet
  facet normal -0 0 -1
    outer loop
      vertex 17.8 23.6 0
      vertex 1.5 0 0
      vertex 17.6695 23.6086 0
    endloop
  endfacet
  facet normal -0 0 -1
    outer loop
      vertex 17.6695 23.6086 0
      vertex 1.5 0 0
      vertex 17.5412 23.6341 0
    endloop
  endfacet
  facet normal -0 0 -1
    outer loop
      vertex 17.5412 23.6341 0
      vertex 1.5 0 0
      vertex 17.4173 23.6761 0
    endloop
  endfacet
  facet normal -0 0 -1
    outer loop
      vertex 17.4173 23.6761 0
      vertex 1.5 0 0
      vertex 17.3 23.734 0
    endloop
  endfacet
  facet normal 0 0 -1
    outer loop
      vertex 0 1.5 0
      vertex 17.3 23.734 0
      vertex 1.5 0 0
    endloop
  endfacet
  facet normal 0 0 -1
    outer loop
      vertex 0 1.5 0
      vertex 16.8 24.6 0
      vertex 16.8086 24.4695 0
    endloop
  endfacet
  facet normal 0 0 -1
    outer loop
      vertex 0 54.7 0
      vertex 13 47.3 0
      vertex 13 46.1 0
    endloop
  endfacet
  facet normal 0 0 -1
    outer loop
      vertex 13 47.3 0
      vertex 0 54.7 0
      vertex 13 48.7 0
    endloop
  endfacet
  facet normal -0 0 -1
    outer loop
      vertex 16.8 24.6 0
      vertex 0 1.5 0
      vertex 0 54.7 0
    endloop
  endfacet
  facet normal -0 0 -1
    outer loop
      vertex 16.8341 24.3412 0
      vertex 0 1.5 0
      vertex 16.8086 24.4695 0
    endloop
  endfacet
  facet normal -0 0 -1
    outer loop
      vertex 16.8761 24.2173 0
      vertex 0 1.5 0
      vertex 16.8341 24.3412 0
    endloop
  endfacet
  facet normal -0 0 -1
    outer loop
      vertex 16.934 24.1 0
      vertex 0 1.5 0
      vertex 16.8761 24.2173 0
    endloop
  endfacet
  facet normal -0 0 -1
    outer loop
      vertex 17.0066 23.9912 0
      vertex 0 1.5 0
      vertex 16.934 24.1 0
    endloop
  endfacet
  facet normal -0 0 -1
    outer loop
      vertex 17.0929 23.8929 0
      vertex 0 1.5 0
      vertex 17.0066 23.9912 0
    endloop
  endfacet
  facet normal -0 0 -1
    outer loop
      vertex 17.1912 23.8066 0
      vertex 0 1.5 0
      vertex 17.0929 23.8929 0
    endloop
  endfacet
  facet normal -0 0 -1
    outer loop
      vertex 17.3 23.734 0
      vertex 0 1.5 0
      vertex 17.1912 23.8066 0
    endloop
  endfacet
  facet normal 0 0 -1
    outer loop
      vertex 40.4131 55.89 0
      vertex 39.5 56.2 0
      vertex 40.25 55.999 0
    endloop
  endfacet
  facet normal 0 0 -1
    outer loop
      vertex 40.799 55.45 0
      vertex 39.5 56.2 0
      vertex 40.69 55.6131 0
    endloop
  endfacet
  facet normal 0 0 -1
    outer loop
      vertex 40.9872 54.8958 0
      vertex 39.5 56.2 0
      vertex 40.9489 55.0882 0
    endloop
  endfacet
  facet normal 0 0 -1
    outer loop
      vertex 13 49.9 0
      vertex 39.5 56.2 0
      vertex 28 49.9 0
    endloop
  endfacet
  facet normal 0 0 -1
    outer loop
      vertex 13 49.9 0
      vertex 1.5 56.2 0
      vertex 39.5 56.2 0
    endloop
  endfacet
  facet normal 0 0 -1
    outer loop
      vertex 16.8 24.6 0
      vertex 0 54.7 0
      vertex 13 46.1 0
    endloop
  endfacet
  facet normal 0 0 -1
    outer loop
      vertex 0 1.5 0
      vertex 1.5 0 0
      vertex 1.3042 0.0128326 0
    endloop
  endfacet
  facet normal 0 0 -1
    outer loop
      vertex 13 48.7 0
      vertex 0 54.7 0
      vertex 13 49.9 0
    endloop
  endfacet
  facet normal 0 0 -1
    outer loop
      vertex 0 1.5 0
      vertex 1.3042 0.0128326 0
      vertex 1.11177 0.0511017 0
    endloop
  endfacet
  facet normal 0 0 -1
    outer loop
      vertex 13 49.9 0
      vertex 0 54.7 0
      vertex 1.5 56.2 0
    endloop
  endfacet
  facet normal 0 0 -1
    outer loop
      vertex 0 1.5 0
      vertex 1.11177 0.0511017 0
      vertex 0.925964 0.114166 0
    endloop
  endfacet
  facet normal 0 0 -1
    outer loop
      vertex 1.5 56.2 0
      vertex 0 54.7 0
      vertex 1.3042 56.1872 0
    endloop
  endfacet
  facet normal 0 0 -1
    outer loop
      vertex 0 1.5 0
      vertex 0.925964 0.114166 0
      vertex 0.75 0.200958 0
    endloop
  endfacet
  facet normal 0 0 -1
    outer loop
      vertex 1.3042 56.1872 0
      vertex 0 54.7 0
      vertex 1.11177 56.1489 0
    endloop
  endfacet
  facet normal 0 0 -1
    outer loop
      vertex 0 1.5 0
      vertex 0.75 0.200958 0
      vertex 0.586853 0.309967 0
    endloop
  endfacet
  facet normal 0 0 -1
    outer loop
      vertex 1.11177 56.1489 0
      vertex 0 54.7 0
      vertex 0.925964 56.0858 0
    endloop
  endfacet
  facet normal 0 0 -1
    outer loop
      vertex 0 1.5 0
      vertex 0.586853 0.309967 0
      vertex 0.439331 0.439331 0
    endloop
  endfacet
  facet normal 0 0 -1
    outer loop
      vertex 0.925964 56.0858 0
      vertex 0 54.7 0
      vertex 0.75 55.999 0
    endloop
  endfacet
  facet normal 0 0 -1
    outer loop
      vertex 0 1.5 0
      vertex 0.439331 0.439331 0
      vertex 0.309967 0.586853 0
    endloop
  endfacet
  facet normal 0 0 -1
    outer loop
      vertex 0.75 55.999 0
      vertex 0 54.7 0
      vertex 0.586853 55.89 0
    endloop
  endfacet
  facet normal 0 0 -1
    outer loop
      vertex 0 1.5 0
      vertex 0.309967 0.586853 0
      vertex 0.200958 0.75 0
    endloop
  endfacet
  facet normal 0 0 -1
    outer loop
      vertex 0.586853 55.89 0
      vertex 0 54.7 0
      vertex 0.439331 55.7607 0
    endloop
  endfacet
  facet normal 0 0 -1
    outer loop
      vertex 0 1.5 0
      vertex 0.200958 0.75 0
      vertex 0.114166 0.925964 0
    endloop
  endfacet
  facet normal 0 0 -1
    outer loop
      vertex 0.439331 55.7607 0
      vertex 0 54.7 0
      vertex 0.309967 55.6131 0
    endloop
  endfacet
  facet normal 0 0 -1
    outer loop
      vertex 0 1.5 0
      vertex 0.114166 0.925964 0
      vertex 0.0511017 1.11177 0
    endloop
  endfacet
  facet normal 0 0 -1
    outer loop
      vertex 0.309967 55.6131 0
      vertex 0 54.7 0
      vertex 0.200958 55.45 0
    endloop
  endfacet
  facet normal 0 0 -1
    outer loop
      vertex 0 1.5 0
      vertex 0.0511017 1.11177 0
      vertex 0.0128326 1.3042 0
    endloop
  endfacet
  facet normal 0 0 -1
    outer loop
      vertex 0.200958 55.45 0
      vertex 0 54.7 0
      vertex 0.114166 55.274 0
    endloop
  endfacet
  facet normal 0 0 -1
    outer loop
      vertex 0.114166 55.274 0
      vertex 0 54.7 0
      vertex 0.0511017 55.0882 0
    endloop
  endfacet
  facet normal 0 0 -1
    outer loop
      vertex 0.0511017 55.0882 0
      vertex 0 54.7 0
      vertex 0.0128326 54.8958 0
    endloop
  endfacet
  facet normal 0 0 -1
    outer loop
      vertex 22.1829 30.8611 0
      vertex 28 46.1 0
      vertex 22.2 30.6 0
    endloop
  endfacet
  facet normal 0 0 -1
    outer loop
      vertex 22.1319 31.1176 0
      vertex 28 46.1 0
      vertex 22.1829 30.8611 0
    endloop
  endfacet
  facet normal 0 0 -1
    outer loop
      vertex 22.0478 31.3654 0
      vertex 28 46.1 0
      vertex 22.1319 31.1176 0
    endloop
  endfacet
  facet normal 0 0 -1
    outer loop
      vertex 21.9321 31.6 0
      vertex 28 46.1 0
      vertex 22.0478 31.3654 0
    endloop
  endfacet
  facet normal 0 0 -1
    outer loop
      vertex 21.7867 31.8175 0
      vertex 28 46.1 0
      vertex 21.9321 31.6 0
    endloop
  endfacet
  facet normal 0 0 -1
    outer loop
      vertex 21.6142 32.0142 0
      vertex 28 46.1 0
      vertex 21.7867 31.8175 0
    endloop
  endfacet
  facet normal 0 0 -1
    outer loop
      vertex 21.4175 32.1867 0
      vertex 28 46.1 0
      vertex 21.6142 32.0142 0
    endloop
  endfacet
  facet normal 0 0 -1
    outer loop
      vertex 21.2 32.3321 0
      vertex 28 46.1 0
      vertex 21.4175 32.1867 0
    endloop
  endfacet
  facet normal 0 0 -1
    outer loop
      vertex 20.9654 32.4478 0
      vertex 28 46.1 0
      vertex 21.2 32.3321 0
    endloop
  endfacet
  facet normal 0 0 -1
    outer loop
      vertex 20.7176 32.5319 0
      vertex 28 46.1 0
      vertex 20.9654 32.4478 0
    endloop
  endfacet
  facet normal 0 0 -1
    outer loop
      vertex 20.4611 32.5829 0
      vertex 28 46.1 0
      vertex 20.7176 32.5319 0
    endloop
  endfacet
  facet normal 0 0 -1
    outer loop
      vertex 20.2 32.6 0
      vertex 28 46.1 0
      vertex 20.4611 32.5829 0
    endloop
  endfacet
  facet normal 0 0 -1
    outer loop
      vertex 13 46.1 0
      vertex 20.2 32.6 0
      vertex 19.9389 32.5829 0
    endloop
  endfacet
  facet normal 0 0 -1
    outer loop
      vertex 13 46.1 0
      vertex 19.9389 32.5829 0
      vertex 19.6824 32.5319 0
    endloop
  endfacet
  facet normal 0 0 -1
    outer loop
      vertex 13 46.1 0
      vertex 19.6824 32.5319 0
      vertex 19.4346 32.4478 0
    endloop
  endfacet
  facet normal 0 0 -1
    outer loop
      vertex 13 46.1 0
      vertex 19.4346 32.4478 0
      vertex 19.2 32.3321 0
    endloop
  endfacet
  facet normal 0 0 -1
    outer loop
      vertex 13 46.1 0
      vertex 19.2 32.3321 0
      vertex 18.9825 32.1867 0
    endloop
  endfacet
  facet normal 0 0 -1
    outer loop
      vertex 13 46.1 0
      vertex 18.9825 32.1867 0
      vertex 18.7858 32.0142 0
    endloop
  endfacet
  facet normal 0 0 -1
    outer loop
      vertex 13 46.1 0
      vertex 18.7858 32.0142 0
      vertex 18.6133 31.8175 0
    endloop
  endfacet
  facet normal 0 0 -1
    outer loop
      vertex 13 46.1 0
      vertex 18.6133 31.8175 0
      vertex 18.4679 31.6 0
    endloop
  endfacet
  facet normal 0 0 -1
    outer loop
      vertex 17.4173 25.5239 0
      vertex 18.6133 29.3825 0
      vertex 17.5412 25.5659 0
    endloop
  endfacet
  facet normal -0 0 -1
    outer loop
      vertex 18.6133 29.3825 0
      vertex 17.4173 25.5239 0
      vertex 18.4679 29.6 0
    endloop
  endfacet
  facet normal 0 0 -1
    outer loop
      vertex 17.3 25.466 0
      vertex 18.4679 29.6 0
      vertex 17.4173 25.5239 0
    endloop
  endfacet
  facet normal -0 0 -1
    outer loop
      vertex 18.4679 29.6 0
      vertex 17.3 25.466 0
      vertex 18.3522 29.8346 0
    endloop
  endfacet
  facet normal 0 0 -1
    outer loop
      vertex 17.1912 25.3934 0
      vertex 18.3522 29.8346 0
      vertex 17.3 25.466 0
    endloop
  endfacet
  facet normal 0 0 -1
    outer loop
      vertex 17.0929 25.3071 0
      vertex 18.3522 29.8346 0
      vertex 17.1912 25.3934 0
    endloop
  endfacet
  facet normal -0 0 -1
    outer loop
      vertex 18.3522 29.8346 0
      vertex 17.0929 25.3071 0
      vertex 18.2681 30.0824 0
    endloop
  endfacet
  facet normal 0 0 -1
    outer loop
      vertex 17.0066 25.2088 0
      vertex 18.2681 30.0824 0
      vertex 17.0929 25.3071 0
    endloop
  endfacet
  facet normal -0 0 -1
    outer loop
      vertex 18.2681 30.0824 0
      vertex 17.0066 25.2088 0
      vertex 18.2171 30.3389 0
    endloop
  endfacet
  facet normal 0 0 -1
    outer loop
      vertex 16.934 25.1 0
      vertex 18.2171 30.3389 0
      vertex 17.0066 25.2088 0
    endloop
  endfacet
  facet normal -0 0 -1
    outer loop
      vertex 18.2171 30.3389 0
      vertex 16.934 25.1 0
      vertex 18.2 30.6 0
    endloop
  endfacet
  facet normal 0 0 -1
    outer loop
      vertex 16.8761 24.9827 0
      vertex 18.2 30.6 0
      vertex 16.934 25.1 0
    endloop
  endfacet
  facet normal -0 0 -1
    outer loop
      vertex 18.2 30.6 0
      vertex 16.8761 24.9827 0
      vertex 18.2171 30.8611 0
    endloop
  endfacet
  facet normal 0 0 -1
    outer loop
      vertex 13 46.1 0
      vertex 18.2171 30.8611 0
      vertex 16.8761 24.9827 0
    endloop
  endfacet
  facet normal 0 0 -1
    outer loop
      vertex 13 46.1 0
      vertex 16.8761 24.9827 0
      vertex 16.8341 24.8588 0
    endloop
  endfacet
  facet normal 0 0 -1
    outer loop
      vertex 20.2 32.6 0
      vertex 13 46.1 0
      vertex 28 46.1 0
    endloop
  endfacet
  facet normal 0 0 -1
    outer loop
      vertex 18.3522 31.3654 0
      vertex 13 46.1 0
      vertex 18.4679 31.6 0
    endloop
  endfacet
  facet normal 0 0 -1
    outer loop
      vertex 18.2681 31.1176 0
      vertex 13 46.1 0
      vertex 18.3522 31.3654 0
    endloop
  endfacet
  facet normal 0 0 -1
    outer loop
      vertex 18.2171 30.8611 0
      vertex 13 46.1 0
      vertex 18.2681 31.1176 0
    endloop
  endfacet
  facet normal 0 0 -1
    outer loop
      vertex 16.8086 24.7305 0
      vertex 13 46.1 0
      vertex 16.8341 24.8588 0
    endloop
  endfacet
  facet normal 0 0 -1
    outer loop
      vertex 13 46.1 0
      vertex 16.8086 24.7305 0
      vertex 16.8 24.6 0
    endloop
  endfacet
  facet normal 0 0 -1
    outer loop
      vertex 18.5071 25.3071 0
      vertex 20.2 28.6 0
      vertex 18.5934 25.2088 0
    endloop
  endfacet
  facet normal -0 0 -1
    outer loop
      vertex 20.2 28.6 0
      vertex 18.5071 25.3071 0
      vertex 19.9389 28.6171 0
    endloop
  endfacet
  facet normal 0 0 -1
    outer loop
      vertex 18.4088 25.3934 0
      vertex 19.9389 28.6171 0
      vertex 18.5071 25.3071 0
    endloop
  endfacet
  facet normal -0 0 -1
    outer loop
      vertex 19.9389 28.6171 0
      vertex 18.4088 25.3934 0
      vertex 19.6824 28.6681 0
    endloop
  endfacet
  facet normal 0 0 -1
    outer loop
      vertex 18.3 25.466 0
      vertex 19.6824 28.6681 0
      vertex 18.4088 25.3934 0
    endloop
  endfacet
  facet normal -0 0 -1
    outer loop
      vertex 19.6824 28.6681 0
      vertex 18.3 25.466 0
      vertex 19.4346 28.7522 0
    endloop
  endfacet
  facet normal 0 0 -1
    outer loop
      vertex 18.1827 25.5239 0
      vertex 19.4346 28.7522 0
      vertex 18.3 25.466 0
    endloop
  endfacet
  facet normal 0 0 -1
    outer loop
      vertex 18.0588 25.5659 0
      vertex 19.4346 28.7522 0
      vertex 18.1827 25.5239 0
    endloop
  endfacet
  facet normal -0 0 -1
    outer loop
      vertex 19.4346 28.7522 0
      vertex 18.0588 25.5659 0
      vertex 19.2 28.8679 0
    endloop
  endfacet
  facet normal 0 0 -1
    outer loop
      vertex 17.9305 25.5914 0
      vertex 19.2 28.8679 0
      vertex 18.0588 25.5659 0
    endloop
  endfacet
  facet normal -0 0 -1
    outer loop
      vertex 19.2 28.8679 0
      vertex 17.9305 25.5914 0
      vertex 18.9825 29.0133 0
    endloop
  endfacet
  facet normal 0 0 -1
    outer loop
      vertex 17.8 25.6 0
      vertex 18.9825 29.0133 0
      vertex 17.9305 25.5914 0
    endloop
  endfacet
  facet normal 0 0 -1
    outer loop
      vertex 17.6695 25.5914 0
      vertex 18.9825 29.0133 0
      vertex 17.8 25.6 0
    endloop
  endfacet
  facet normal -0 0 -1
    outer loop
      vertex 18.9825 29.0133 0
      vertex 17.6695 25.5914 0
      vertex 18.7858 29.1858 0
    endloop
  endfacet
  facet normal 0 0 -1
    outer loop
      vertex 17.5412 25.5659 0
      vertex 18.7858 29.1858 0
      vertex 17.6695 25.5914 0
    endloop
  endfacet
  facet normal -0 0 -1
    outer loop
      vertex 18.7858 29.1858 0
      vertex 17.5412 25.5659 0
      vertex 18.6133 29.3825 0
    endloop
  endfacet
  facet normal 0.555673 -0.831401 0
    outer loop
      vertex 40.25 0.200958 0
      vertex 40.4131 0.309967 2
      vertex 40.25 0.200958 2
    endloop
  endfacet
  facet normal 0.555673 -0.831401 0
    outer loop
      vertex 40.4131 0.309967 2
      vertex 40.25 0.200958 0
      vertex 40.4131 0.309967 0
    endloop
  endfacet
  facet normal -0.442355 -0.89684 0
    outer loop
      vertex 0.75 0.200958 0
      vertex 0.925964 0.114166 2
      vertex 0.75 0.200958 2
    endloop
  endfacet
  facet normal -0.442355 -0.89684 -0
    outer loop
      vertex 0.925964 0.114166 2
      vertex 0.75 0.200958 0
      vertex 0.925964 0.114166 0
    endloop
  endfacet
  facet normal -0.195205 0.980763 0
    outer loop
      vertex 1.3042 56.1872 0
      vertex 1.11177 56.1489 2
      vertex 1.3042 56.1872 2
    endloop
  endfacet
  facet normal -0.195205 0.980763 0
    outer loop
      vertex 1.11177 56.1489 2
      vertex 1.3042 56.1872 0
      vertex 1.11177 56.1489 0
    endloop
  endfacet
  facet normal 0.442282 -0.896876 0
    outer loop
      vertex 40.074 0.114166 0
      vertex 40.25 0.200958 2
      vertex 40.074 0.114166 2
    endloop
  endfacet
  facet normal 0.442282 -0.896876 0
    outer loop
      vertex 40.25 0.200958 2
      vertex 40.074 0.114166 0
      vertex 40.25 0.200958 0
    endloop
  endfacet
  facet normal 0.195082 -0.980787 0
    outer loop
      vertex 39.6958 0.0128326 0
      vertex 39.8882 0.0511017 2
      vertex 39.6958 0.0128326 2
    endloop
  endfacet
  facet normal 0.195082 -0.980787 0
    outer loop
      vertex 39.8882 0.0511017 2
      vertex 39.6958 0.0128326 0
      vertex 39.8882 0.0511017 0
    endloop
  endfacet
  facet normal 0.442315 0.89686 -0
    outer loop
      vertex 40.25 55.999 0
      vertex 40.074 56.0858 2
      vertex 40.25 55.999 2
    endloop
  endfacet
  facet normal 0.442315 0.89686 0
    outer loop
      vertex 40.074 56.0858 2
      vertex 40.25 55.999 0
      vertex 40.074 56.0858 0
    endloop
  endfacet
  facet normal 0.99787 -0.0652336 0
    outer loop
      vertex 40.9872 1.3042 2
      vertex 41 1.5 0
      vertex 41 1.5 2
    endloop
  endfacet
  facet normal 0.99787 -0.0652336 0
    outer loop
      vertex 41 1.5 0
      vertex 40.9872 1.3042 2
      vertex 40.9872 1.3042 0
    endloop
  endfacet
  facet normal -0.0652336 0.99787 0
    outer loop
      vertex 1.5 56.2 0
      vertex 1.3042 56.1872 2
      vertex 1.5 56.2 2
    endloop
  endfacet
  facet normal -0.0652336 0.99787 0
    outer loop
      vertex 1.3042 56.1872 2
      vertex 1.5 56.2 0
      vertex 1.3042 56.1872 0
    endloop
  endfacet
  facet normal -0.659319 -0.751863 0
    outer loop
      vertex 0.439331 0.439331 0
      vertex 0.586853 0.309967 2
      vertex 0.439331 0.439331 2
    endloop
  endfacet
  facet normal -0.659319 -0.751863 -0
    outer loop
      vertex 0.586853 0.309967 2
      vertex 0.439331 0.439331 0
      vertex 0.586853 0.309967 0
    endloop
  endfacet
  facet normal -0.89684 -0.442355 0
    outer loop
      vertex 0.200958 0.75 0
      vertex 0.114166 0.925964 2
      vertex 0.114166 0.925964 0
    endloop
  endfacet
  facet normal -0.89684 -0.442355 0
    outer loop
      vertex 0.114166 0.925964 2
      vertex 0.200958 0.75 0
      vertex 0.200958 0.75 2
    endloop
  endfacet
  facet normal -0.55553 0.831496 0
    outer loop
      vertex 0.75 55.999 0
      vertex 0.586853 55.89 2
      vertex 0.75 55.999 2
    endloop
  endfacet
  facet normal -0.55553 0.831496 0
    outer loop
      vertex 0.586853 55.89 2
      vertex 0.75 55.999 0
      vertex 0.586853 55.89 0
    endloop
  endfacet
  facet normal -0.997859 0.065399 0
    outer loop
      vertex 0 54.7 0
      vertex 0.0128326 54.8958 2
      vertex 0.0128326 54.8958 0
    endloop
  endfacet
  facet normal -0.997859 0.065399 0
    outer loop
      vertex 0.0128326 54.8958 2
      vertex 0 54.7 0
      vertex 0 54.7 2
    endloop
  endfacet
  facet normal 0.752025 -0.659135 0
    outer loop
      vertex 40.5607 0.439331 2
      vertex 40.69 0.586853 0
      vertex 40.69 0.586853 2
    endloop
  endfacet
  facet normal 0.752025 -0.659135 0
    outer loop
      vertex 40.69 0.586853 0
      vertex 40.5607 0.439331 2
      vertex 40.5607 0.439331 0
    endloop
  endfacet
  facet normal -0.442388 0.896824 0
    outer loop
      vertex 0.925964 56.0858 0
      vertex 0.75 55.999 2
      vertex 0.925964 56.0858 2
    endloop
  endfacet
  facet normal -0.442388 0.896824 0
    outer loop
      vertex 0.75 55.999 2
      vertex 0.925964 56.0858 0
      vertex 0.75 55.999 0
    endloop
  endfacet
  facet normal -0.659135 0.752025 0
    outer loop
      vertex 0.586853 55.89 0
      vertex 0.439331 55.7607 2
      vertex 0.586853 55.89 2
    endloop
  endfacet
  facet normal -0.659135 0.752025 0
    outer loop
      vertex 0.439331 55.7607 2
      vertex 0.586853 55.89 0
      vertex 0.439331 55.7607 0
    endloop
  endfacet
  facet normal 0.659122 -0.752036 0
    outer loop
      vertex 40.4131 0.309967 0
      vertex 40.5607 0.439331 2
      vertex 40.4131 0.309967 2
    endloop
  endfacet
  facet normal 0.659122 -0.752036 0
    outer loop
      vertex 40.5607 0.439331 2
      vertex 40.4131 0.309967 0
      vertex 40.5607 0.439331 0
    endloop
  endfacet
  facet normal -0.831475 -0.555562 0
    outer loop
      vertex 0.309967 0.586853 0
      vertex 0.200958 0.75 2
      vertex 0.200958 0.75 0
    endloop
  endfacet
  facet normal -0.831475 -0.555562 0
    outer loop
      vertex 0.200958 0.75 2
      vertex 0.309967 0.586853 0
      vertex 0.309967 0.586853 2
    endloop
  endfacet
  facet normal 0.980763 -0.195205 0
    outer loop
      vertex 40.9489 1.11177 2
      vertex 40.9872 1.3042 0
      vertex 40.9872 1.3042 2
    endloop
  endfacet
  facet normal 0.980763 -0.195205 0
    outer loop
      vertex 40.9872 1.3042 0
      vertex 40.9489 1.11177 2
      vertex 40.9489 1.11177 0
    endloop
  endfacet
  facet normal -0.195053 -0.980793 0
    outer loop
      vertex 1.11177 0.0511017 0
      vertex 1.3042 0.0128326 2
      vertex 1.11177 0.0511017 2
    endloop
  endfacet
  facet normal -0.195053 -0.980793 -0
    outer loop
      vertex 1.3042 0.0128326 2
      vertex 1.11177 0.0511017 0
      vertex 1.3042 0.0128326 0
    endloop
  endfacet
  facet normal -0.321401 -0.946943 0
    outer loop
      vertex 0.925964 0.114166 0
      vertex 1.11177 0.0511017 2
      vertex 0.925964 0.114166 2
    endloop
  endfacet
  facet normal -0.321401 -0.946943 -0
    outer loop
      vertex 1.11177 0.0511017 2
      vertex 0.925964 0.114166 0
      vertex 1.11177 0.0511017 0
    endloop
  endfacet
  facet normal 0 0 1
    outer loop
      vertex 38.5535 53.7536 2
      vertex 41 54.7 2
      vertex 40.9872 54.8958 2
    endloop
  endfacet
  facet normal 0 0 1
    outer loop
      vertex 41 54.7 2
      vertex 38.7 53.4 2
      vertex 41 1.5 2
    endloop
  endfacet
  facet normal 0 0 1
    outer loop
      vertex 38.5535 53.7536 2
      vertex 40.9872 54.8958 2
      vertex 40.9489 55.0882 2
    endloop
  endfacet
  facet normal -0 0 1
    outer loop
      vertex 38.7 2.8 2
      vertex 41 1.5 2
      vertex 38.7 53.4 2
    endloop
  endfacet
  facet normal 0 0 1
    outer loop
      vertex 38.5535 53.7536 2
      vertex 40.9489 55.0882 2
      vertex 40.8858 55.274 2
    endloop
  endfacet
  facet normal -0 0 1
    outer loop
      vertex 38.6957 2.73472 2
      vertex 41 1.5 2
      vertex 38.7 2.8 2
    endloop
  endfacet
  facet normal 0 0 1
    outer loop
      vertex 38.5535 53.7536 2
      vertex 40.8858 55.274 2
      vertex 40.799 55.45 2
    endloop
  endfacet
  facet normal -0 0 1
    outer loop
      vertex 38.6829 2.67059 2
      vertex 41 1.5 2
      vertex 38.6957 2.73472 2
    endloop
  endfacet
  facet normal 0 0 1
    outer loop
      vertex 38.5535 53.7536 2
      vertex 40.799 55.45 2
      vertex 40.69 55.6131 2
    endloop
  endfacet
  facet normal -0 0 1
    outer loop
      vertex 38.6619 2.60865 2
      vertex 41 1.5 2
      vertex 38.6829 2.67059 2
    endloop
  endfacet
  facet normal 0 0 1
    outer loop
      vertex 38.5535 53.7536 2
      vertex 40.69 55.6131 2
      vertex 40.5607 55.7607 2
    endloop
  endfacet
  facet normal -0 0 1
    outer loop
      vertex 38.633 2.55 2
      vertex 41 1.5 2
      vertex 38.6619 2.60865 2
    endloop
  endfacet
  facet normal 0 0 1
    outer loop
      vertex 38.5535 53.7536 2
      vertex 40.5607 55.7607 2
      vertex 40.4131 55.89 2
    endloop
  endfacet
  facet normal -0 0 1
    outer loop
      vertex 38.5967 2.49562 2
      vertex 41 1.5 2
      vertex 38.633 2.55 2
    endloop
  endfacet
  facet normal 0 0 1
    outer loop
      vertex 38.5535 53.7536 2
      vertex 40.4131 55.89 2
      vertex 40.25 55.999 2
    endloop
  endfacet
  facet normal -0 0 1
    outer loop
      vertex 38.5535 2.44644 2
      vertex 41 1.5 2
      vertex 38.5967 2.49562 2
    endloop
  endfacet
  facet normal 0 0 1
    outer loop
      vertex 38.5535 53.7536 2
      vertex 40.25 55.999 2
      vertex 40.074 56.0858 2
    endloop
  endfacet
  facet normal 0 0 1
    outer loop
      vertex 41 1.5 2
      vertex 38.5535 2.44644 2
      vertex 40.9872 1.3042 2
    endloop
  endfacet
  facet normal 0 0 1
    outer loop
      vertex 38.5535 53.7536 2
      vertex 40.074 56.0858 2
      vertex 39.8882 56.1489 2
    endloop
  endfacet
  facet normal 0 0 1
    outer loop
      vertex 40.9872 1.3042 2
      vertex 38.5535 2.44644 2
      vertex 40.9489 1.11177 2
    endloop
  endfacet
  facet normal 0 0 1
    outer loop
      vertex 38.5535 53.7536 2
      vertex 39.8882 56.1489 2
      vertex 39.6958 56.1872 2
    endloop
  endfacet
  facet normal 0 0 1
    outer loop
      vertex 40.9489 1.11177 2
      vertex 38.5535 2.44644 2
      vertex 40.8858 0.925964 2
    endloop
  endfacet
  facet normal 0 0 1
    outer loop
      vertex 38.5535 53.7536 2
      vertex 39.6958 56.1872 2
      vertex 39.5 56.2 2
    endloop
  endfacet
  facet normal 0 0 1
    outer loop
      vertex 40.8858 0.925964 2
      vertex 38.5535 2.44644 2
      vertex 40.799 0.75 2
    endloop
  endfacet
  facet normal 0 0 1
    outer loop
      vertex 40.799 0.75 2
      vertex 38.5535 2.44644 2
      vertex 40.69 0.586853 2
    endloop
  endfacet
  facet normal 0 0 1
    outer loop
      vertex 41 54.7 2
      vertex 38.6957 53.4653 2
      vertex 38.7 53.4 2
    endloop
  endfacet
  facet normal 0 0 1
    outer loop
      vertex 41 54.7 2
      vertex 38.6829 53.5294 2
      vertex 38.6957 53.4653 2
    endloop
  endfacet
  facet normal 0 0 1
    outer loop
      vertex 41 54.7 2
      vertex 38.6619 53.5913 2
      vertex 38.6829 53.5294 2
    endloop
  endfacet
  facet normal 0 0 1
    outer loop
      vertex 41 54.7 2
      vertex 38.633 53.65 2
      vertex 38.6619 53.5913 2
    endloop
  endfacet
  facet normal 0 0 1
    outer loop
      vertex 41 54.7 2
      vertex 38.5967 53.7044 2
      vertex 38.633 53.65 2
    endloop
  endfacet
  facet normal 0 0 1
    outer loop
      vertex 41 54.7 2
      vertex 38.5535 53.7536 2
      vertex 38.5967 53.7044 2
    endloop
  endfacet
  facet normal 0 0 1
    outer loop
      vertex 39.5 56.2 2
      vertex 38.5044 53.7967 2
      vertex 38.5535 53.7536 2
    endloop
  endfacet
  facet normal 0 0 1
    outer loop
      vertex 39.5 56.2 2
      vertex 38.45 53.833 2
      vertex 38.5044 53.7967 2
    endloop
  endfacet
  facet normal 0 0 1
    outer loop
      vertex 39.5 56.2 2
      vertex 38.3913 53.8619 2
      vertex 38.45 53.833 2
    endloop
  endfacet
  facet normal 0 0 1
    outer loop
      vertex 39.5 56.2 2
      vertex 38.3294 53.883 2
      vertex 38.3913 53.8619 2
    endloop
  endfacet
  facet normal 0 0 1
    outer loop
      vertex 39.5 56.2 2
      vertex 38.2653 53.8957 2
      vertex 38.3294 53.883 2
    endloop
  endfacet
  facet normal 0 0 1
    outer loop
      vertex 39.5 56.2 2
      vertex 38.2 53.9 2
      vertex 38.2653 53.8957 2
    endloop
  endfacet
  facet normal 0 0 1
    outer loop
      vertex 39.5 56.2 2
      vertex 2.8 53.9 2
      vertex 38.2 53.9 2
    endloop
  endfacet
  facet normal 0 0 1
    outer loop
      vertex 2.30427 53.4653 2
      vertex 0 54.7 2
      vertex 2.3 53.4 2
    endloop
  endfacet
  facet normal 0 0 1
    outer loop
      vertex 2.31703 53.5294 2
      vertex 0 54.7 2
      vertex 2.30427 53.4653 2
    endloop
  endfacet
  facet normal 0 0 1
    outer loop
      vertex 2.33805 53.5913 2
      vertex 0 54.7 2
      vertex 2.31703 53.5294 2
    endloop
  endfacet
  facet normal 0 0 1
    outer loop
      vertex 2.36699 53.65 2
      vertex 0 54.7 2
      vertex 2.33805 53.5913 2
    endloop
  endfacet
  facet normal 0 0 1
    outer loop
      vertex 2.40332 53.7044 2
      vertex 0 54.7 2
      vertex 2.36699 53.65 2
    endloop
  endfacet
  facet normal 0 0 1
    outer loop
      vertex 2.44644 53.7536 2
      vertex 0 54.7 2
      vertex 2.40332 53.7044 2
    endloop
  endfacet
  facet normal -0 0 1
    outer loop
      vertex 0 54.7 2
      vertex 2.44644 53.7536 2
      vertex 1.5 56.2 2
    endloop
  endfacet
  facet normal 0 0 1
    outer loop
      vertex 2.49562 53.7967 2
      vertex 1.5 56.2 2
      vertex 2.44644 53.7536 2
    endloop
  endfacet
  facet normal 0 0 1
    outer loop
      vertex 2.55 53.833 2
      vertex 1.5 56.2 2
      vertex 2.49562 53.7967 2
    endloop
  endfacet
  facet normal 0 0 1
    outer loop
      vertex 2.60865 53.8619 2
      vertex 1.5 56.2 2
      vertex 2.55 53.833 2
    endloop
  endfacet
  facet normal 0 0 1
    outer loop
      vertex 2.67059 53.883 2
      vertex 1.5 56.2 2
      vertex 2.60865 53.8619 2
    endloop
  endfacet
  facet normal 0 0 1
    outer loop
      vertex 2.73472 53.8957 2
      vertex 1.5 56.2 2
      vertex 2.67059 53.883 2
    endloop
  endfacet
  facet normal 0 0 1
    outer loop
      vertex 2.8 53.9 2
      vertex 1.5 56.2 2
      vertex 2.73472 53.8957 2
    endloop
  endfacet
  facet normal -0 0 1
    outer loop
      vertex 1.5 56.2 2
      vertex 2.8 53.9 2
      vertex 39.5 56.2 2
    endloop
  endfacet
  facet normal 0 0 1
    outer loop
      vertex 40.69 0.586853 2
      vertex 38.5535 2.44644 2
      vertex 40.5607 0.439331 2
    endloop
  endfacet
  facet normal 0 0 1
    outer loop
      vertex 40.5607 0.439331 2
      vertex 38.5535 2.44644 2
      vertex 40.4131 0.309967 2
    endloop
  endfacet
  facet normal 0 0 1
    outer loop
      vertex 40.4131 0.309967 2
      vertex 38.5535 2.44644 2
      vertex 40.25 0.200958 2
    endloop
  endfacet
  facet normal 0 0 1
    outer loop
      vertex 40.25 0.200958 2
      vertex 38.5535 2.44644 2
      vertex 40.074 0.114166 2
    endloop
  endfacet
  facet normal 0 0 1
    outer loop
      vertex 40.074 0.114166 2
      vertex 38.5535 2.44644 2
      vertex 39.8882 0.0511017 2
    endloop
  endfacet
  facet normal 0 0 1
    outer loop
      vertex 39.8882 0.0511017 2
      vertex 38.5535 2.44644 2
      vertex 39.6958 0.0128326 2
    endloop
  endfacet
  facet normal 0 0 1
    outer loop
      vertex 39.6958 0.0128326 2
      vertex 38.5535 2.44644 2
      vertex 39.5 0 2
    endloop
  endfacet
  facet normal -0 0 1
    outer loop
      vertex 38.5044 2.40332 2
      vertex 39.5 0 2
      vertex 38.5535 2.44644 2
    endloop
  endfacet
  facet normal -0 0 1
    outer loop
      vertex 38.45 2.36699 2
      vertex 39.5 0 2
      vertex 38.5044 2.40332 2
    endloop
  endfacet
  facet normal -0 0 1
    outer loop
      vertex 38.3913 2.33805 2
      vertex 39.5 0 2
      vertex 38.45 2.36699 2
    endloop
  endfacet
  facet normal -0 0 1
    outer loop
      vertex 38.3294 2.31703 2
      vertex 39.5 0 2
      vertex 38.3913 2.33805 2
    endloop
  endfacet
  facet normal -0 0 1
    outer loop
      vertex 38.2653 2.30427 2
      vertex 39.5 0 2
      vertex 38.3294 2.31703 2
    endloop
  endfacet
  facet normal -0 0 1
    outer loop
      vertex 38.2 2.3 2
      vertex 39.5 0 2
      vertex 38.2653 2.30427 2
    endloop
  endfacet
  facet normal -0 0 1
    outer loop
      vertex 2.8 2.3 2
      vertex 39.5 0 2
      vertex 38.2 2.3 2
    endloop
  endfacet
  facet normal 0 0 1
    outer loop
      vertex 2.8 2.3 2
      vertex 1.5 0 2
      vertex 39.5 0 2
    endloop
  endfacet
  facet normal 0 0 1
    outer loop
      vertex 2.73472 2.30427 2
      vertex 1.5 0 2
      vertex 2.8 2.3 2
    endloop
  endfacet
  facet normal 0 0 1
    outer loop
      vertex 2.67059 2.31703 2
      vertex 1.5 0 2
      vertex 2.73472 2.30427 2
    endloop
  endfacet
  facet normal 0 0 1
    outer loop
      vertex 2.60865 2.33805 2
      vertex 1.5 0 2
      vertex 2.67059 2.31703 2
    endloop
  endfacet
  facet normal 0 0 1
    outer loop
      vertex 2.55 2.36699 2
      vertex 1.5 0 2
      vertex 2.60865 2.33805 2
    endloop
  endfacet
  facet normal 0 0 1
    outer loop
      vertex 2.49562 2.40332 2
      vertex 1.5 0 2
      vertex 2.55 2.36699 2
    endloop
  endfacet
  facet normal 0 0 1
    outer loop
      vertex 2.44644 2.44644 2
      vertex 1.5 0 2
      vertex 2.49562 2.40332 2
    endloop
  endfacet
  facet normal 0 0 1
    outer loop
      vertex 0 1.5 2
      vertex 2.44644 2.44644 2
      vertex 2.40332 2.49562 2
    endloop
  endfacet
  facet normal 0 0 1
    outer loop
      vertex 0 1.5 2
      vertex 2.40332 2.49562 2
      vertex 2.36699 2.55 2
    endloop
  endfacet
  facet normal 0 0 1
    outer loop
      vertex 0 1.5 2
      vertex 2.36699 2.55 2
      vertex 2.33805 2.60865 2
    endloop
  endfacet
  facet normal 0 0 1
    outer loop
      vertex 0 1.5 2
      vertex 2.33805 2.60865 2
      vertex 2.31703 2.67059 2
    endloop
  endfacet
  facet normal 0 0 1
    outer loop
      vertex 0 1.5 2
      vertex 2.31703 2.67059 2
      vertex 2.30427 2.73472 2
    endloop
  endfacet
  facet normal 0 0 1
    outer loop
      vertex 0 1.5 2
      vertex 2.30427 2.73472 2
      vertex 2.3 2.8 2
    endloop
  endfacet
  facet normal 0 0 1
    outer loop
      vertex 2.3 53.4 2
      vertex 0 54.7 2
      vertex 2.3 2.8 2
    endloop
  endfacet
  facet normal 0 0 1
    outer loop
      vertex 0 54.7 2
      vertex 1.5 56.2 2
      vertex 1.3042 56.1872 2
    endloop
  endfacet
  facet normal 0 0 1
    outer loop
      vertex 0 1.5 2
      vertex 2.3 2.8 2
      vertex 0 54.7 2
    endloop
  endfacet
  facet normal 0 0 1
    outer loop
      vertex 0 54.7 2
      vertex 1.3042 56.1872 2
      vertex 1.11177 56.1489 2
    endloop
  endfacet
  facet normal 0 0 1
    outer loop
      vertex 2.44644 2.44644 2
      vertex 0 1.5 2
      vertex 0.0511017 1.11177 2
    endloop
  endfacet
  facet normal 0 0 1
    outer loop
      vertex 0 54.7 2
      vertex 1.11177 56.1489 2
      vertex 0.925964 56.0858 2
    endloop
  endfacet
  facet normal 0 0 1
    outer loop
      vertex 2.44644 2.44644 2
      vertex 1.3042 0.0128326 2
      vertex 1.5 0 2
    endloop
  endfacet
  facet normal 0 0 1
    outer loop
      vertex 0 54.7 2
      vertex 0.925964 56.0858 2
      vertex 0.75 55.999 2
    endloop
  endfacet
  facet normal 0 0 1
    outer loop
      vertex 2.44644 2.44644 2
      vertex 1.11177 0.0511017 2
      vertex 1.3042 0.0128326 2
    endloop
  endfacet
  facet normal 0 0 1
    outer loop
      vertex 0 54.7 2
      vertex 0.75 55.999 2
      vertex 0.586853 55.89 2
    endloop
  endfacet
  facet normal 0 0 1
    outer loop
      vertex 2.44644 2.44644 2
      vertex 0.925964 0.114166 2
      vertex 1.11177 0.0511017 2
    endloop
  endfacet
  facet normal 0 0 1
    outer loop
      vertex 0 54.7 2
      vertex 0.586853 55.89 2
      vertex 0.439331 55.7607 2
    endloop
  endfacet
  facet normal 0 0 1
    outer loop
      vertex 2.44644 2.44644 2
      vertex 0.75 0.200958 2
      vertex 0.925964 0.114166 2
    endloop
  endfacet
  facet normal 0 0 1
    outer loop
      vertex 0 54.7 2
      vertex 0.439331 55.7607 2
      vertex 0.309967 55.6131 2
    endloop
  endfacet
  facet normal 0 0 1
    outer loop
      vertex 2.44644 2.44644 2
      vertex 0.586853 0.309967 2
      vertex 0.75 0.200958 2
    endloop
  endfacet
  facet normal 0 0 1
    outer loop
      vertex 0 54.7 2
      vertex 0.309967 55.6131 2
      vertex 0.200958 55.45 2
    endloop
  endfacet
  facet normal 0 0 1
    outer loop
      vertex 2.44644 2.44644 2
      vertex 0.439331 0.439331 2
      vertex 0.586853 0.309967 2
    endloop
  endfacet
  facet normal 0 0 1
    outer loop
      vertex 0 54.7 2
      vertex 0.200958 55.45 2
      vertex 0.114166 55.274 2
    endloop
  endfacet
  facet normal 0 0 1
    outer loop
      vertex 2.44644 2.44644 2
      vertex 0.309967 0.586853 2
      vertex 0.439331 0.439331 2
    endloop
  endfacet
  facet normal 0 0 1
    outer loop
      vertex 0 54.7 2
      vertex 0.114166 55.274 2
      vertex 0.0511017 55.0882 2
    endloop
  endfacet
  facet normal 0 0 1
    outer loop
      vertex 2.44644 2.44644 2
      vertex 0.200958 0.75 2
      vertex 0.309967 0.586853 2
    endloop
  endfacet
  facet normal 0 0 1
    outer loop
      vertex 0 54.7 2
      vertex 0.0511017 55.0882 2
      vertex 0.0128326 54.8958 2
    endloop
  endfacet
  facet normal 0 0 1
    outer loop
      vertex 2.44644 2.44644 2
      vertex 0.114166 0.925964 2
      vertex 0.200958 0.75 2
    endloop
  endfacet
  facet normal 0 0 1
    outer loop
      vertex 2.44644 2.44644 2
      vertex 0.0511017 1.11177 2
      vertex 0.114166 0.925964 2
    endloop
  endfacet
  facet normal 0 0 1
    outer loop
      vertex 0.0511017 1.11177 2
      vertex 0 1.5 2
      vertex 0.0128326 1.3042 2
    endloop
  endfacet
  facet normal -0.980774 -0.195145 0
    outer loop
      vertex 2.31703 2.67059 2
      vertex 2.30427 2.73472 3.2
      vertex 2.30427 2.73472 2
    endloop
  endfacet
  facet normal -0.980774 -0.195145 0
    outer loop
      vertex 2.30427 2.73472 3.2
      vertex 2.31703 2.67059 2
      vertex 2.31703 2.67059 3.2
    endloop
  endfacet
  facet normal -0.980757 0.195233 0
    outer loop
      vertex 2.30427 53.4653 2
      vertex 2.31703 53.5294 3.2
      vertex 2.31703 53.5294 2
    endloop
  endfacet
  facet normal -0.980757 0.195233 0
    outer loop
      vertex 2.31703 53.5294 3.2
      vertex 2.30427 53.4653 2
      vertex 2.30427 53.4653 3.2
    endloop
  endfacet
  facet normal -0.997868 -0.0652711 0
    outer loop
      vertex 2.30427 2.73472 2
      vertex 2.3 2.8 3.2
      vertex 2.3 2.8 2
    endloop
  endfacet
  facet normal -0.997868 -0.0652711 0
    outer loop
      vertex 2.3 2.8 3.2
      vertex 2.30427 2.73472 2
      vertex 2.30427 2.73472 3.2
    endloop
  endfacet
  facet normal 1 -0 0
    outer loop
      vertex 38.7 2.8 3.2
      vertex 38.7 53.4 2
      vertex 38.7 53.4 3.2
    endloop
  endfacet
  facet normal 1 0 0
    outer loop
      vertex 38.7 53.4 2
      vertex 38.7 2.8 3.2
      vertex 38.7 2.8 2
    endloop
  endfacet
  facet normal 0 1 -0
    outer loop
      vertex 38.2 53.9 2
      vertex 2.8 53.9 3.2
      vertex 38.2 53.9 3.2
    endloop
  endfacet
  facet normal 0 1 0
    outer loop
      vertex 2.8 53.9 3.2
      vertex 38.2 53.9 2
      vertex 2.8 53.9 2
    endloop
  endfacet
  facet normal 0.442195 -0.896919 0
    outer loop
      vertex 38.3913 2.33805 2
      vertex 38.45 2.36699 3.2
      vertex 38.3913 2.33805 3.2
    endloop
  endfacet
  facet normal 0.442195 -0.896919 0
    outer loop
      vertex 38.45 2.36699 3.2
      vertex 38.3913 2.33805 2
      vertex 38.45 2.36699 2
    endloop
  endfacet
  facet normal -1 0 0
    outer loop
      vertex 2.3 2.8 2
      vertex 2.3 53.4 3.2
      vertex 2.3 53.4 2
    endloop
  endfacet
  facet normal -1 -0 0
    outer loop
      vertex 2.3 53.4 3.2
      vertex 2.3 2.8 2
      vertex 2.3 2.8 3.2
    endloop
  endfacet
  facet normal 0.831815 0.555053 0
    outer loop
      vertex 38.633 53.65 3.2
      vertex 38.5967 53.7044 2
      vertex 38.5967 53.7044 3.2
    endloop
  endfacet
  facet normal 0.831815 0.555053 0
    outer loop
      vertex 38.5967 53.7044 2
      vertex 38.633 53.65 3.2
      vertex 38.633 53.65 2
    endloop
  endfacet
  facet normal 0.75144 0.659801 0
    outer loop
      vertex 38.5967 53.7044 3.2
      vertex 38.5535 53.7536 2
      vertex 38.5535 53.7536 3.2
    endloop
  endfacet
  facet normal 0.75144 0.659801 0
    outer loop
      vertex 38.5535 53.7536 2
      vertex 38.5967 53.7044 3.2
      vertex 38.5967 53.7044 2
    endloop
  endfacet
  facet normal 0 -1 0
    outer loop
      vertex 2.8 2.3 2
      vertex 38.2 2.3 3.2
      vertex 2.8 2.3 3.2
    endloop
  endfacet
  facet normal 0 -1 -0
    outer loop
      vertex 38.2 2.3 3.2
      vertex 2.8 2.3 2
      vertex 38.2 2.3 2
    endloop
  endfacet
  facet normal 0.19435 0.980932 -0
    outer loop
      vertex 38.3294 53.883 2
      vertex 38.2653 53.8957 3.2
      vertex 38.3294 53.883 3.2
    endloop
  endfacet
  facet normal 0.19435 0.980932 0
    outer loop
      vertex 38.2653 53.8957 3.2
      vertex 38.3294 53.883 2
      vertex 38.2653 53.8957 2
    endloop
  endfacet
  facet normal 0.751307 -0.659953 0
    outer loop
      vertex 38.5535 2.44644 3.2
      vertex 38.5967 2.49562 2
      vertex 38.5967 2.49562 3.2
    endloop
  endfacet
  facet normal 0.751307 -0.659953 0
    outer loop
      vertex 38.5967 2.49562 2
      vertex 38.5535 2.44644 3.2
      vertex 38.5535 2.44644 2
    endloop
  endfacet
  facet normal -0.659089 0.752065 0
    outer loop
      vertex 2.49562 53.7967 2
      vertex 2.44644 53.7536 3.2
      vertex 2.49562 53.7967 3.2
    endloop
  endfacet
  facet normal -0.659089 0.752065 0
    outer loop
      vertex 2.44644 53.7536 3.2
      vertex 2.49562 53.7967 2
      vertex 2.44644 53.7536 2
    endloop
  endfacet
  facet normal -0.946894 0.321546 0
    outer loop
      vertex 2.31703 53.5294 2
      vertex 2.33805 53.5913 3.2
      vertex 2.33805 53.5913 2
    endloop
  endfacet
  facet normal -0.946894 0.321546 0
    outer loop
      vertex 2.33805 53.5913 3.2
      vertex 2.31703 53.5294 2
      vertex 2.31703 53.5294 3.2
    endloop
  endfacet
  facet normal -0.997869 0.0652511 0
    outer loop
      vertex 2.3 53.4 2
      vertex 2.30427 53.4653 3.2
      vertex 2.30427 53.4653 2
    endloop
  endfacet
  facet normal -0.997869 0.0652511 0
    outer loop
      vertex 2.30427 53.4653 3.2
      vertex 2.3 53.4 2
      vertex 2.3 53.4 3.2
    endloop
  endfacet
  facet normal 0.897161 0.441703 0
    outer loop
      vertex 38.6619 53.5913 3.2
      vertex 38.633 53.65 2
      vertex 38.633 53.65 3.2
    endloop
  endfacet
  facet normal 0.897161 0.441703 0
    outer loop
      vertex 38.633 53.65 2
      vertex 38.6619 53.5913 3.2
      vertex 38.6619 53.5913 2
    endloop
  endfacet
  facet normal 0.997838 -0.0657277 0
    outer loop
      vertex 38.6957 2.73472 3.2
      vertex 38.7 2.8 2
      vertex 38.7 2.8 3.2
    endloop
  endfacet
  facet normal 0.997838 -0.0657277 0
    outer loop
      vertex 38.7 2.8 2
      vertex 38.6957 2.73472 3.2
      vertex 38.6957 2.73472 2
    endloop
  endfacet
  facet normal 0.659696 0.751533 -0
    outer loop
      vertex 38.5535 53.7536 2
      vertex 38.5044 53.7967 3.2
      vertex 38.5535 53.7536 3.2
    endloop
  endfacet
  facet normal 0.659696 0.751533 0
    outer loop
      vertex 38.5044 53.7967 3.2
      vertex 38.5535 53.7536 2
      vertex 38.5044 53.7967 2
    endloop
  endfacet
  facet normal 0.555053 0.831815 -0
    outer loop
      vertex 38.5044 53.7967 2
      vertex 38.45 53.833 3.2
      vertex 38.5044 53.7967 3.2
    endloop
  endfacet
  facet normal 0.555053 0.831815 0
    outer loop
      vertex 38.45 53.833 3.2
      vertex 38.5044 53.7967 2
      vertex 38.45 53.833 2
    endloop
  endfacet
  facet normal -0.831603 0.55537 0
    outer loop
      vertex 2.36699 53.65 2
      vertex 2.40332 53.7044 3.2
      vertex 2.40332 53.7044 2
    endloop
  endfacet
  facet normal -0.831603 0.55537 0
    outer loop
      vertex 2.40332 53.7044 3.2
      vertex 2.36699 53.65 2
      vertex 2.36699 53.65 3.2
    endloop
  endfacet
  facet normal 0.94705 -0.321086 0
    outer loop
      vertex 38.6619 2.60865 3.2
      vertex 38.6829 2.67059 2
      vertex 38.6829 2.67059 3.2
    endloop
  endfacet
  facet normal 0.94705 -0.321086 0
    outer loop
      vertex 38.6829 2.67059 2
      vertex 38.6619 2.60865 3.2
      vertex 38.6619 2.60865 2
    endloop
  endfacet
  facet normal 0.997839 0.0657076 0
    outer loop
      vertex 38.7 53.4 3.2
      vertex 38.6957 53.4653 2
      vertex 38.6957 53.4653 3.2
    endloop
  endfacet
  facet normal 0.997839 0.0657076 0
    outer loop
      vertex 38.6957 53.4653 2
      vertex 38.7 53.4 3.2
      vertex 38.7 53.4 2
    endloop
  endfacet
  facet normal -0.896919 0.442195 0
    outer loop
      vertex 2.33805 53.5913 2
      vertex 2.36699 53.65 3.2
      vertex 2.36699 53.65 2
    endloop
  endfacet
  facet normal -0.896919 0.442195 0
    outer loop
      vertex 2.36699 53.65 3.2
      vertex 2.33805 53.5913 2
      vertex 2.33805 53.5913 3.2
    endloop
  endfacet
  facet normal 0.321546 -0.946894 0
    outer loop
      vertex 38.3294 2.31703 2
      vertex 38.3913 2.33805 3.2
      vertex 38.3294 2.31703 3.2
    endloop
  endfacet
  facet normal 0.321546 -0.946894 0
    outer loop
      vertex 38.3913 2.33805 3.2
      vertex 38.3294 2.31703 2
      vertex 38.3913 2.33805 2
    endloop
  endfacet
  facet normal -0.195145 -0.980774 0
    outer loop
      vertex 2.67059 2.31703 2
      vertex 2.73472 2.30427 3.2
      vertex 2.67059 2.31703 3.2
    endloop
  endfacet
  facet normal -0.195145 -0.980774 -0
    outer loop
      vertex 2.73472 2.30427 3.2
      vertex 2.67059 2.31703 2
      vertex 2.73472 2.30427 2
    endloop
  endfacet
  facet normal -0.659262 -0.751913 0
    outer loop
      vertex 2.44644 2.44644 2
      vertex 2.49562 2.40332 3.2
      vertex 2.44644 2.44644 3.2
    endloop
  endfacet
  facet normal -0.659262 -0.751913 -0
    outer loop
      vertex 2.49562 2.40332 3.2
      vertex 2.44644 2.44644 2
      vertex 2.49562 2.40332 2
    endloop
  endfacet
  facet normal 0.946987 0.321272 0
    outer loop
      vertex 38.6829 53.5294 3.2
      vertex 38.6619 53.5913 2
      vertex 38.6619 53.5913 3.2
    endloop
  endfacet
  facet normal 0.946987 0.321272 0
    outer loop
      vertex 38.6619 53.5913 2
      vertex 38.6829 53.5294 3.2
      vertex 38.6829 53.5294 2
    endloop
  endfacet
  facet normal 0.897012 -0.442006 0
    outer loop
      vertex 38.633 2.55 3.2
      vertex 38.6619 2.60865 2
      vertex 38.6619 2.60865 3.2
    endloop
  endfacet
  facet normal 0.897012 -0.442006 0
    outer loop
      vertex 38.6619 2.60865 2
      vertex 38.633 2.55 3.2
      vertex 38.633 2.55 2
    endloop
  endfacet
  facet normal 0.322643 0.946521 -0
    outer loop
      vertex 38.3913 53.8619 2
      vertex 38.3294 53.883 3.2
      vertex 38.3913 53.8619 3.2
    endloop
  endfacet
  facet normal 0.322643 0.946521 0
    outer loop
      vertex 38.3294 53.883 3.2
      vertex 38.3913 53.8619 2
      vertex 38.3294 53.883 2
    endloop
  endfacet
  facet normal 0.980639 0.195822 0
    outer loop
      vertex 38.6957 53.4653 3.2
      vertex 38.6829 53.5294 2
      vertex 38.6829 53.5294 3.2
    endloop
  endfacet
  facet normal 0.980639 0.195822 0
    outer loop
      vertex 38.6829 53.5294 2
      vertex 38.6957 53.4653 3.2
      vertex 38.6957 53.4653 2
    endloop
  endfacet
  facet normal -0.322456 0.946584 0
    outer loop
      vertex 2.67059 53.883 2
      vertex 2.60865 53.8619 3.2
      vertex 2.67059 53.883 3.2
    endloop
  endfacet
  facet normal -0.322456 0.946584 0
    outer loop
      vertex 2.60865 53.8619 3.2
      vertex 2.67059 53.883 2
      vertex 2.60865 53.8619 2
    endloop
  endfacet
  facet normal 0.831721 -0.555194 0
    outer loop
      vertex 38.5967 2.49562 3.2
      vertex 38.633 2.55 2
      vertex 38.633 2.55 3.2
    endloop
  endfacet
  facet normal 0.831721 -0.555194 0
    outer loop
      vertex 38.633 2.55 2
      vertex 38.5967 2.49562 3.2
      vertex 38.5967 2.49562 2
    endloop
  endfacet
  facet normal -0.194263 0.98095 0
    outer loop
      vertex 2.73472 53.8957 2
      vertex 2.67059 53.883 3.2
      vertex 2.73472 53.8957 3.2
    endloop
  endfacet
  facet normal -0.194263 0.98095 0
    outer loop
      vertex 2.67059 53.883 3.2
      vertex 2.73472 53.8957 2
      vertex 2.67059 53.883 2
    endloop
  endfacet
  facet normal -0.0657277 0.997838 0
    outer loop
      vertex 2.8 53.9 2
      vertex 2.73472 53.8957 3.2
      vertex 2.8 53.9 3.2
    endloop
  endfacet
  facet normal -0.0657277 0.997838 0
    outer loop
      vertex 2.73472 53.8957 3.2
      vertex 2.8 53.9 2
      vertex 2.73472 53.8957 2
    endloop
  endfacet
  facet normal -0.32136 -0.946957 0
    outer loop
      vertex 2.60865 2.33805 2
      vertex 2.67059 2.31703 3.2
      vertex 2.60865 2.33805 3.2
    endloop
  endfacet
  facet normal -0.32136 -0.946957 -0
    outer loop
      vertex 2.67059 2.31703 3.2
      vertex 2.60865 2.33805 2
      vertex 2.67059 2.31703 2
    endloop
  endfacet
  facet normal 0 0 1
    outer loop
      vertex 21.2 28.8679 3.2
      vertex 18.7914 24.7305 3.2
      vertex 18.8 24.6 3.2
    endloop
  endfacet
  facet normal 0 0 1
    outer loop
      vertex 17.6695 25.5914 3.2
      vertex 18.9825 29.0133 3.2
      vertex 18.7858 29.1858 3.2
    endloop
  endfacet
  facet normal 0 0 1
    outer loop
      vertex 19.2 28.8679 3.2
      vertex 18.7659 24.8588 3.2
      vertex 18.7914 24.7305 3.2
    endloop
  endfacet
  facet normal 0 0 1
    outer loop
      vertex 19.2 28.8679 3.2
      vertex 18.7239 24.9827 3.2
      vertex 18.7659 24.8588 3.2
    endloop
  endfacet
  facet normal 0 0 1
    outer loop
      vertex 19.2 28.8679 3.2
      vertex 18.666 25.1 3.2
      vertex 18.7239 24.9827 3.2
    endloop
  endfacet
  facet normal 0 0 1
    outer loop
      vertex 17.5412 25.5659 3.2
      vertex 18.7858 29.1858 3.2
      vertex 18.6133 29.3825 3.2
    endloop
  endfacet
  facet normal 0 0 1
    outer loop
      vertex 19.2 28.8679 3.2
      vertex 18.5934 25.2088 3.2
      vertex 18.666 25.1 3.2
    endloop
  endfacet
  facet normal 0 0 1
    outer loop
      vertex 19.2 28.8679 3.2
      vertex 18.5071 25.3071 3.2
      vertex 18.5934 25.2088 3.2
    endloop
  endfacet
  facet normal 0 0 1
    outer loop
      vertex 17.4173 25.5239 3.2
      vertex 18.6133 29.3825 3.2
      vertex 18.4679 29.6 3.2
    endloop
  endfacet
  facet normal 0 0 1
    outer loop
      vertex 19.2 28.8679 3.2
      vertex 18.4088 25.3934 3.2
      vertex 18.5071 25.3071 3.2
    endloop
  endfacet
  facet normal 0 0 1
    outer loop
      vertex 17.3 25.466 3.2
      vertex 18.4679 29.6 3.2
      vertex 18.3522 29.8346 3.2
    endloop
  endfacet
  facet normal 0 0 1
    outer loop
      vertex 19.2 28.8679 3.2
      vertex 18.3 25.466 3.2
      vertex 18.4088 25.3934 3.2
    endloop
  endfacet
  facet normal 0 0 1
    outer loop
      vertex 17.0929 25.3071 3.2
      vertex 18.3522 29.8346 3.2
      vertex 18.2681 30.0824 3.2
    endloop
  endfacet
  facet normal 0 0 1
    outer loop
      vertex 17.0066 25.2088 3.2
      vertex 18.2681 30.0824 3.2
      vertex 18.2171 30.3389 3.2
    endloop
  endfacet
  facet normal 0 0 1
    outer loop
      vertex 16.934 25.1 3.2
      vertex 18.2171 30.3389 3.2
      vertex 18.2 30.6 3.2
    endloop
  endfacet
  facet normal 0 0 1
    outer loop
      vertex 19.2 28.8679 3.2
      vertex 18.1827 25.5239 3.2
      vertex 18.3 25.466 3.2
    endloop
  endfacet
  facet normal 0 0 1
    outer loop
      vertex 28 46.1 3.2
      vertex 22.1829 30.8611 3.2
      vertex 22.2 30.6 3.2
    endloop
  endfacet
  facet normal 0 0 1
    outer loop
      vertex 28 46.1 3.2
      vertex 22.1319 31.1176 3.2
      vertex 22.1829 30.8611 3.2
    endloop
  endfacet
  facet normal 0 0 1
    outer loop
      vertex 28 46.1 3.2
      vertex 22.0478 31.3654 3.2
      vertex 22.1319 31.1176 3.2
    endloop
  endfacet
  facet normal 0 0 1
    outer loop
      vertex 28 46.1 3.2
      vertex 21.9321 31.6 3.2
      vertex 22.0478 31.3654 3.2
    endloop
  endfacet
  facet normal 0 0 1
    outer loop
      vertex 28 46.1 3.2
      vertex 21.7867 31.8175 3.2
      vertex 21.9321 31.6 3.2
    endloop
  endfacet
  facet normal 0 0 1
    outer loop
      vertex 28 46.1 3.2
      vertex 21.6142 32.0142 3.2
      vertex 21.7867 31.8175 3.2
    endloop
  endfacet
  facet normal 0 0 1
    outer loop
      vertex 28 46.1 3.2
      vertex 21.4175 32.1867 3.2
      vertex 21.6142 32.0142 3.2
    endloop
  endfacet
  facet normal 0 0 1
    outer loop
      vertex 28 46.1 3.2
      vertex 21.2 32.3321 3.2
      vertex 21.4175 32.1867 3.2
    endloop
  endfacet
  facet normal 0 0 1
    outer loop
      vertex 28 46.1 3.2
      vertex 20.9654 32.4478 3.2
      vertex 21.2 32.3321 3.2
    endloop
  endfacet
  facet normal 0 0 1
    outer loop
      vertex 28 46.1 3.2
      vertex 20.7176 32.5319 3.2
      vertex 20.9654 32.4478 3.2
    endloop
  endfacet
  facet normal 0 0 1
    outer loop
      vertex 28 46.1 3.2
      vertex 20.4611 32.5829 3.2
      vertex 20.7176 32.5319 3.2
    endloop
  endfacet
  facet normal 0 0 1
    outer loop
      vertex 28 46.1 3.2
      vertex 20.2 32.6 3.2
      vertex 20.4611 32.5829 3.2
    endloop
  endfacet
  facet normal -0 0 1
    outer loop
      vertex 13 46.1 3.2
      vertex 20.2 32.6 3.2
      vertex 28 46.1 3.2
    endloop
  endfacet
  facet normal 0 0 1
    outer loop
      vertex 20.2 32.6 3.2
      vertex 13 46.1 3.2
      vertex 19.9389 32.5829 3.2
    endloop
  endfacet
  facet normal 0 0 1
    outer loop
      vertex 19.9389 32.5829 3.2
      vertex 13 46.1 3.2
      vertex 19.6824 32.5319 3.2
    endloop
  endfacet
  facet normal 0 0 1
    outer loop
      vertex 19.6824 32.5319 3.2
      vertex 13 46.1 3.2
      vertex 19.4346 32.4478 3.2
    endloop
  endfacet
  facet normal 0 0 1
    outer loop
      vertex 19.4346 32.4478 3.2
      vertex 13 46.1 3.2
      vertex 19.2 32.3321 3.2
    endloop
  endfacet
  facet normal 0 0 1
    outer loop
      vertex 19.2 32.3321 3.2
      vertex 13 46.1 3.2
      vertex 18.9825 32.1867 3.2
    endloop
  endfacet
  facet normal 0 0 1
    outer loop
      vertex 18.9825 32.1867 3.2
      vertex 13 46.1 3.2
      vertex 18.7858 32.0142 3.2
    endloop
  endfacet
  facet normal 0 0 1
    outer loop
      vertex 18.7858 32.0142 3.2
      vertex 13 46.1 3.2
      vertex 18.6133 31.8175 3.2
    endloop
  endfacet
  facet normal 0 0 1
    outer loop
      vertex 19.2 28.8679 3.2
      vertex 18.0588 25.5659 3.2
      vertex 18.1827 25.5239 3.2
    endloop
  endfacet
  facet normal 0 0 1
    outer loop
      vertex 19.2 28.8679 3.2
      vertex 17.9305 25.5914 3.2
      vertex 18.0588 25.5659 3.2
    endloop
  endfacet
  facet normal 0 0 1
    outer loop
      vertex 18.9825 29.0133 3.2
      vertex 17.8 25.6 3.2
      vertex 17.9305 25.5914 3.2
    endloop
  endfacet
  facet normal 0 0 1
    outer loop
      vertex 7.95642 19.2906 3.2
      vertex 18.2 30.6 3.2
      vertex 18.2171 30.8611 3.2
    endloop
  endfacet
  facet normal 0 0 1
    outer loop
      vertex 18.9825 29.0133 3.2
      vertex 17.6695 25.5914 3.2
      vertex 17.8 25.6 3.2
    endloop
  endfacet
  facet normal 0 0 1
    outer loop
      vertex 18.7858 29.1858 3.2
      vertex 17.5412 25.5659 3.2
      vertex 17.6695 25.5914 3.2
    endloop
  endfacet
  facet normal 0 0 1
    outer loop
      vertex 18.6133 29.3825 3.2
      vertex 17.4173 25.5239 3.2
      vertex 17.5412 25.5659 3.2
    endloop
  endfacet
  facet normal 0 0 1
    outer loop
      vertex 18.4679 29.6 3.2
      vertex 17.3 25.466 3.2
      vertex 17.4173 25.5239 3.2
    endloop
  endfacet
  facet normal 0 0 1
    outer loop
      vertex 18.3522 29.8346 3.2
      vertex 17.1912 25.3934 3.2
      vertex 17.3 25.466 3.2
    endloop
  endfacet
  facet normal 0 0 1
    outer loop
      vertex 18.3522 29.8346 3.2
      vertex 17.0929 25.3071 3.2
      vertex 17.1912 25.3934 3.2
    endloop
  endfacet
  facet normal 0 0 1
    outer loop
      vertex 7.95642 19.2906 3.2
      vertex 18.2171 30.8611 3.2
      vertex 18.2681 31.1176 3.2
    endloop
  endfacet
  facet normal 0 0 1
    outer loop
      vertex 18.2681 30.0824 3.2
      vertex 17.0066 25.2088 3.2
      vertex 17.0929 25.3071 3.2
    endloop
  endfacet
  facet normal 0 0 1
    outer loop
      vertex 18.2171 30.3389 3.2
      vertex 16.934 25.1 3.2
      vertex 17.0066 25.2088 3.2
    endloop
  endfacet
  facet normal 0 0 1
    outer loop
      vertex 18.2 30.6 3.2
      vertex 7.95642 19.2906 3.2
      vertex 16.934 25.1 3.2
    endloop
  endfacet
  facet normal 0 -0 1
    outer loop
      vertex 8.1 19.3 3.2
      vertex 16.934 25.1 3.2
      vertex 7.95642 19.2906 3.2
    endloop
  endfacet
  facet normal 0 -0 1
    outer loop
      vertex 8.24358 19.2906 3.2
      vertex 16.8761 24.9827 3.2
      vertex 8.1 19.3 3.2
    endloop
  endfacet
  facet normal 0 0 1
    outer loop
      vertex 16.934 25.1 3.2
      vertex 8.1 19.3 3.2
      vertex 16.8761 24.9827 3.2
    endloop
  endfacet
  facet normal 0 0 1
    outer loop
      vertex 7.95642 19.2906 3.2
      vertex 18.2681 31.1176 3.2
      vertex 13 46.1 3.2
    endloop
  endfacet
  facet normal 0 0 1
    outer loop
      vertex 18.3522 31.3654 3.2
      vertex 13 46.1 3.2
      vertex 18.2681 31.1176 3.2
    endloop
  endfacet
  facet normal 0 0 1
    outer loop
      vertex 18.4679 31.6 3.2
      vertex 13 46.1 3.2
      vertex 18.3522 31.3654 3.2
    endloop
  endfacet
  facet normal 0 0 1
    outer loop
      vertex 18.6133 31.8175 3.2
      vertex 13 46.1 3.2
      vertex 18.4679 31.6 3.2
    endloop
  endfacet
  facet normal -0 0 1
    outer loop
      vertex 13 48.7 3.2
      vertex 28 47.3 3.2
      vertex 28 48.7 3.2
    endloop
  endfacet
  facet normal 0 0 1
    outer loop
      vertex 28 47.3 3.2
      vertex 13 48.7 3.2
      vertex 13 47.3 3.2
    endloop
  endfacet
  facet normal 0 0 1
    outer loop
      vertex 38.2 53.9 3.2
      vertex 38.7 53.4 3.2
      vertex 38.6957 53.4653 3.2
    endloop
  endfacet
  facet normal 0 0 1
    outer loop
      vertex 38.7 53.4 3.2
      vertex 22.1829 30.3389 3.2
      vertex 38.7 2.8 3.2
    endloop
  endfacet
  facet normal 0 0 1
    outer loop
      vertex 38.2 53.9 3.2
      vertex 38.6957 53.4653 3.2
      vertex 38.6829 53.5294 3.2
    endloop
  endfacet
  facet normal -0 0 1
    outer loop
      vertex 22.1319 30.0824 3.2
      vertex 38.7 2.8 3.2
      vertex 22.1829 30.3389 3.2
    endloop
  endfacet
  facet normal 0 0 1
    outer loop
      vertex 38.2 53.9 3.2
      vertex 38.6829 53.5294 3.2
      vertex 38.6619 53.5913 3.2
    endloop
  endfacet
  facet normal -0 0 1
    outer loop
      vertex 22.0478 29.8346 3.2
      vertex 38.7 2.8 3.2
      vertex 22.1319 30.0824 3.2
    endloop
  endfacet
  facet normal 0 0 1
    outer loop
      vertex 38.2 53.9 3.2
      vertex 38.6619 53.5913 3.2
      vertex 38.633 53.65 3.2
    endloop
  endfacet
  facet normal -0 0 1
    outer loop
      vertex 21.9321 29.6 3.2
      vertex 38.7 2.8 3.2
      vertex 22.0478 29.8346 3.2
    endloop
  endfacet
  facet normal 0 0 1
    outer loop
      vertex 38.2 53.9 3.2
      vertex 38.633 53.65 3.2
      vertex 38.5967 53.7044 3.2
    endloop
  endfacet
  facet normal -0 0 1
    outer loop
      vertex 21.7867 29.3825 3.2
      vertex 38.7 2.8 3.2
      vertex 21.9321 29.6 3.2
    endloop
  endfacet
  facet normal 0 0 1
    outer loop
      vertex 38.2 53.9 3.2
      vertex 38.5967 53.7044 3.2
      vertex 38.5535 53.7536 3.2
    endloop
  endfacet
  facet normal -0 0 1
    outer loop
      vertex 18.7239 24.2173 3.2
      vertex 38.7 2.8 3.2
      vertex 21.7867 29.3825 3.2
    endloop
  endfacet
  facet normal 0 0 1
    outer loop
      vertex 38.2 53.9 3.2
      vertex 38.5535 53.7536 3.2
      vertex 38.5044 53.7967 3.2
    endloop
  endfacet
  facet normal -0 0 1
    outer loop
      vertex 18.666 24.1 3.2
      vertex 38.7 2.8 3.2
      vertex 18.7239 24.2173 3.2
    endloop
  endfacet
  facet normal 0 0 1
    outer loop
      vertex 38.2 53.9 3.2
      vertex 38.5044 53.7967 3.2
      vertex 38.45 53.833 3.2
    endloop
  endfacet
  facet normal -0 0 1
    outer loop
      vertex 18.5934 23.9912 3.2
      vertex 38.7 2.8 3.2
      vertex 18.666 24.1 3.2
    endloop
  endfacet
  facet normal 0 0 1
    outer loop
      vertex 38.2 53.9 3.2
      vertex 38.45 53.833 3.2
      vertex 38.3913 53.8619 3.2
    endloop
  endfacet
  facet normal -0 0 1
    outer loop
      vertex 18.5071 23.8929 3.2
      vertex 38.7 2.8 3.2
      vertex 18.5934 23.9912 3.2
    endloop
  endfacet
  facet normal 0 0 1
    outer loop
      vertex 38.2 53.9 3.2
      vertex 38.3913 53.8619 3.2
      vertex 38.3294 53.883 3.2
    endloop
  endfacet
  facet normal 0 -0 1
    outer loop
      vertex 38.2 2.3 3.2
      vertex 38.7 2.8 3.2
      vertex 18.5071 23.8929 3.2
    endloop
  endfacet
  facet normal 0 0 1
    outer loop
      vertex 38.2 53.9 3.2
      vertex 38.3294 53.883 3.2
      vertex 38.2653 53.8957 3.2
    endloop
  endfacet
  facet normal 0 0 1
    outer loop
      vertex 38.7 2.8 3.2
      vertex 38.2 2.3 3.2
      vertex 38.6957 2.73472 3.2
    endloop
  endfacet
  facet normal 0 0 1
    outer loop
      vertex 38.7 53.4 3.2
      vertex 38.2 53.9 3.2
      vertex 28 48.7 3.2
    endloop
  endfacet
  facet normal 0 0 1
    outer loop
      vertex 38.6829 2.67059 3.2
      vertex 38.2 2.3 3.2
      vertex 38.6619 2.60865 3.2
    endloop
  endfacet
  facet normal 0 0 1
    outer loop
      vertex 28 48.7 3.2
      vertex 38.2 53.9 3.2
      vertex 28 49.9 3.2
    endloop
  endfacet
  facet normal 0 0 1
    outer loop
      vertex 38.2 53.9 3.2
      vertex 13 49.9 3.2
      vertex 28 49.9 3.2
    endloop
  endfacet
  facet normal 0 0 1
    outer loop
      vertex 2.3 53.4 3.2
      vertex 13 48.7 3.2
      vertex 13 49.9 3.2
    endloop
  endfacet
  facet normal 0 0 1
    outer loop
      vertex 13 48.7 3.2
      vertex 2.3 53.4 3.2
      vertex 13 47.3 3.2
    endloop
  endfacet
  facet normal 0 0 1
    outer loop
      vertex 13 47.3 3.2
      vertex 2.3 53.4 3.2
      vertex 13 46.1 3.2
    endloop
  endfacet
  facet normal 0 0 1
    outer loop
      vertex 16.8086 24.7305 3.2
      vertex 9.19059 18.3436 3.2
      vertex 9.2 18.2 3.2
    endloop
  endfacet
  facet normal 0 0 1
    outer loop
      vertex 16.8086 24.7305 3.2
      vertex 9.16252 18.4847 3.2
      vertex 9.19059 18.3436 3.2
    endloop
  endfacet
  facet normal 0 0 1
    outer loop
      vertex 16.8086 24.7305 3.2
      vertex 9.11627 18.621 3.2
      vertex 9.16252 18.4847 3.2
    endloop
  endfacet
  facet normal 0 0 1
    outer loop
      vertex 16.8086 24.7305 3.2
      vertex 9.05263 18.75 3.2
      vertex 9.11627 18.621 3.2
    endloop
  endfacet
  facet normal 0 0 1
    outer loop
      vertex 16.8086 24.7305 3.2
      vertex 8.97269 18.8696 3.2
      vertex 9.05263 18.75 3.2
    endloop
  endfacet
  facet normal 0 0 1
    outer loop
      vertex 16.8086 24.7305 3.2
      vertex 8.87782 18.9778 3.2
      vertex 8.97269 18.8696 3.2
    endloop
  endfacet
  facet normal 0 0 1
    outer loop
      vertex 16.8086 24.7305 3.2
      vertex 8.76964 19.0727 3.2
      vertex 8.87782 18.9778 3.2
    endloop
  endfacet
  facet normal 0 0 1
    outer loop
      vertex 16.8086 24.7305 3.2
      vertex 8.65 19.1526 3.2
      vertex 8.76964 19.0727 3.2
    endloop
  endfacet
  facet normal 0 0 1
    outer loop
      vertex 16.8086 24.7305 3.2
      vertex 8.52095 19.2163 3.2
      vertex 8.65 19.1526 3.2
    endloop
  endfacet
  facet normal 0 0 1
    outer loop
      vertex 16.8086 24.7305 3.2
      vertex 8.3847 19.2625 3.2
      vertex 8.52095 19.2163 3.2
    endloop
  endfacet
  facet normal 0 0 1
    outer loop
      vertex 16.8341 24.8588 3.2
      vertex 8.3847 19.2625 3.2
      vertex 16.8086 24.7305 3.2
    endloop
  endfacet
  facet normal 0 -0 1
    outer loop
      vertex 8.3847 19.2625 3.2
      vertex 16.8341 24.8588 3.2
      vertex 8.24358 19.2906 3.2
    endloop
  endfacet
  facet normal 0 0 1
    outer loop
      vertex 16.8761 24.9827 3.2
      vertex 8.24358 19.2906 3.2
      vertex 16.8341 24.8588 3.2
    endloop
  endfacet
  facet normal 0 0 1
    outer loop
      vertex 13 46.1 3.2
      vertex 7.8153 19.2625 3.2
      vertex 7.95642 19.2906 3.2
    endloop
  endfacet
  facet normal 0 -0 1
    outer loop
      vertex 7.55 19.1526 3.2
      vertex 13 46.1 3.2
      vertex 2.3 53.4 3.2
    endloop
  endfacet
  facet normal 0 0 1
    outer loop
      vertex 13 46.1 3.2
      vertex 7.67905 19.2163 3.2
      vertex 7.8153 19.2625 3.2
    endloop
  endfacet
  facet normal 0 0 1
    outer loop
      vertex 13 46.1 3.2
      vertex 7.55 19.1526 3.2
      vertex 7.67905 19.2163 3.2
    endloop
  endfacet
  facet normal 0 0 1
    outer loop
      vertex 7.55 19.1526 3.2
      vertex 2.3 53.4 3.2
      vertex 7.43036 19.0727 3.2
    endloop
  endfacet
  facet normal 0 0 1
    outer loop
      vertex 7.43036 19.0727 3.2
      vertex 2.3 53.4 3.2
      vertex 7.32218 18.9778 3.2
    endloop
  endfacet
  facet normal 0 0 1
    outer loop
      vertex 7.32218 18.9778 3.2
      vertex 2.3 53.4 3.2
      vertex 7.22731 18.8696 3.2
    endloop
  endfacet
  facet normal 0 0 1
    outer loop
      vertex 7.22731 18.8696 3.2
      vertex 2.3 53.4 3.2
      vertex 7.14737 18.75 3.2
    endloop
  endfacet
  facet normal 0 0 1
    outer loop
      vertex 7.14737 18.75 3.2
      vertex 2.3 53.4 3.2
      vertex 7.08373 18.621 3.2
    endloop
  endfacet
  facet normal 0 0 1
    outer loop
      vertex 7.08373 18.621 3.2
      vertex 2.3 53.4 3.2
      vertex 7.03748 18.4847 3.2
    endloop
  endfacet
  facet normal 0 0 1
    outer loop
      vertex 7.03748 18.4847 3.2
      vertex 2.3 53.4 3.2
      vertex 7.00941 18.3436 3.2
    endloop
  endfacet
  facet normal -0 0 1
    outer loop
      vertex 2.3 53.4 3.2
      vertex 13 49.9 3.2
      vertex 2.8 53.9 3.2
    endloop
  endfacet
  facet normal -0 0 1
    outer loop
      vertex 2.8 53.9 3.2
      vertex 13 49.9 3.2
      vertex 38.2 53.9 3.2
    endloop
  endfacet
  facet normal 0 0 1
    outer loop
      vertex 38.7 53.4 3.2
      vertex 28 48.7 3.2
      vertex 28 47.3 3.2
    endloop
  endfacet
  facet normal 0 0 1
    outer loop
      vertex 38.7 53.4 3.2
      vertex 28 47.3 3.2
      vertex 28 46.1 3.2
    endloop
  endfacet
  facet normal 0 0 1
    outer loop
      vertex 38.7 53.4 3.2
      vertex 28 46.1 3.2
      vertex 22.2 30.6 3.2
    endloop
  endfacet
  facet normal 0 0 1
    outer loop
      vertex 38.7 53.4 3.2
      vertex 22.2 30.6 3.2
      vertex 22.1829 30.3389 3.2
    endloop
  endfacet
  facet normal 0 0 1
    outer loop
      vertex 38.633 2.55 3.2
      vertex 38.2 2.3 3.2
      vertex 38.5967 2.49562 3.2
    endloop
  endfacet
  facet normal 0 0 1
    outer loop
      vertex 38.5535 2.44644 3.2
      vertex 38.2 2.3 3.2
      vertex 38.5044 2.40332 3.2
    endloop
  endfacet
  facet normal 0 0 1
    outer loop
      vertex 38.45 2.36699 3.2
      vertex 38.2 2.3 3.2
      vertex 38.3913 2.33805 3.2
    endloop
  endfacet
  facet normal 0 0 1
    outer loop
      vertex 38.3294 2.31703 3.2
      vertex 38.2 2.3 3.2
      vertex 38.2653 2.30427 3.2
    endloop
  endfacet
  facet normal 0 0 1
    outer loop
      vertex 38.3913 2.33805 3.2
      vertex 38.2 2.3 3.2
      vertex 38.3294 2.31703 3.2
    endloop
  endfacet
  facet normal 0 0 1
    outer loop
      vertex 18.7239 24.2173 3.2
      vertex 21.7867 29.3825 3.2
      vertex 21.6142 29.1858 3.2
    endloop
  endfacet
  facet normal 0 0 1
    outer loop
      vertex 18.7659 24.3412 3.2
      vertex 21.6142 29.1858 3.2
      vertex 21.4175 29.0133 3.2
    endloop
  endfacet
  facet normal 0 0 1
    outer loop
      vertex 18.8 24.6 3.2
      vertex 21.4175 29.0133 3.2
      vertex 21.2 28.8679 3.2
    endloop
  endfacet
  facet normal 0 0 1
    outer loop
      vertex 18.7914 24.7305 3.2
      vertex 21.2 28.8679 3.2
      vertex 20.9654 28.7522 3.2
    endloop
  endfacet
  facet normal 0 0 1
    outer loop
      vertex 18.7914 24.7305 3.2
      vertex 20.9654 28.7522 3.2
      vertex 20.7176 28.6681 3.2
    endloop
  endfacet
  facet normal 0 0 1
    outer loop
      vertex 18.7914 24.7305 3.2
      vertex 20.7176 28.6681 3.2
      vertex 20.4611 28.6171 3.2
    endloop
  endfacet
  facet normal 0 0 1
    outer loop
      vertex 18.7914 24.7305 3.2
      vertex 20.4611 28.6171 3.2
      vertex 20.2 28.6 3.2
    endloop
  endfacet
  facet normal 0 0 1
    outer loop
      vertex 18.7914 24.7305 3.2
      vertex 20.2 28.6 3.2
      vertex 19.9389 28.6171 3.2
    endloop
  endfacet
  facet normal 0 0 1
    outer loop
      vertex 18.7914 24.7305 3.2
      vertex 19.9389 28.6171 3.2
      vertex 19.6824 28.6681 3.2
    endloop
  endfacet
  facet normal 0 0 1
    outer loop
      vertex 18.7914 24.7305 3.2
      vertex 19.6824 28.6681 3.2
      vertex 19.4346 28.7522 3.2
    endloop
  endfacet
  facet normal 0 0 1
    outer loop
      vertex 18.7914 24.7305 3.2
      vertex 19.4346 28.7522 3.2
      vertex 19.2 28.8679 3.2
    endloop
  endfacet
  facet normal 0 0 1
    outer loop
      vertex 17.9305 25.5914 3.2
      vertex 19.2 28.8679 3.2
      vertex 18.9825 29.0133 3.2
    endloop
  endfacet
  facet normal 0 0 1
    outer loop
      vertex 21.4175 29.0133 3.2
      vertex 18.8 24.6 3.2
      vertex 18.7914 24.4695 3.2
    endloop
  endfacet
  facet normal 0 0 1
    outer loop
      vertex 21.4175 29.0133 3.2
      vertex 18.7914 24.4695 3.2
      vertex 18.7659 24.3412 3.2
    endloop
  endfacet
  facet normal 0 0 1
    outer loop
      vertex 21.6142 29.1858 3.2
      vertex 18.7659 24.3412 3.2
      vertex 18.7239 24.2173 3.2
    endloop
  endfacet
  facet normal 0 0 1
    outer loop
      vertex 38.5044 2.40332 3.2
      vertex 38.2 2.3 3.2
      vertex 38.45 2.36699 3.2
    endloop
  endfacet
  facet normal 0 0 1
    outer loop
      vertex 38.5967 2.49562 3.2
      vertex 38.2 2.3 3.2
      vertex 38.5535 2.44644 3.2
    endloop
  endfacet
  facet normal 0 0 1
    outer loop
      vertex 38.6619 2.60865 3.2
      vertex 38.2 2.3 3.2
      vertex 38.633 2.55 3.2
    endloop
  endfacet
  facet normal 0 0 1
    outer loop
      vertex 38.6957 2.73472 3.2
      vertex 38.2 2.3 3.2
      vertex 38.6829 2.67059 3.2
    endloop
  endfacet
  facet normal -0 0 1
    outer loop
      vertex 18.4088 23.8066 3.2
      vertex 38.2 2.3 3.2
      vertex 18.5071 23.8929 3.2
    endloop
  endfacet
  facet normal -0 0 1
    outer loop
      vertex 18.3 23.734 3.2
      vertex 38.2 2.3 3.2
      vertex 18.4088 23.8066 3.2
    endloop
  endfacet
  facet normal -0 0 1
    outer loop
      vertex 18.1827 23.6761 3.2
      vertex 38.2 2.3 3.2
      vertex 18.3 23.734 3.2
    endloop
  endfacet
  facet normal -0 0 1
    outer loop
      vertex 18.0588 23.6341 3.2
      vertex 38.2 2.3 3.2
      vertex 18.1827 23.6761 3.2
    endloop
  endfacet
  facet normal 0 0 1
    outer loop
      vertex 8.97269 17.5304 3.2
      vertex 18.0588 23.6341 3.2
      vertex 17.9305 23.6086 3.2
    endloop
  endfacet
  facet normal 0 0 1
    outer loop
      vertex 9.05263 17.65 3.2
      vertex 17.9305 23.6086 3.2
      vertex 17.8 23.6 3.2
    endloop
  endfacet
  facet normal 0 0 1
    outer loop
      vertex 9.11627 17.779 3.2
      vertex 17.8 23.6 3.2
      vertex 17.6695 23.6086 3.2
    endloop
  endfacet
  facet normal 0 0 1
    outer loop
      vertex 9.16252 17.9153 3.2
      vertex 17.6695 23.6086 3.2
      vertex 17.5412 23.6341 3.2
    endloop
  endfacet
  facet normal 0 0 1
    outer loop
      vertex 9.19059 18.0564 3.2
      vertex 17.5412 23.6341 3.2
      vertex 17.4173 23.6761 3.2
    endloop
  endfacet
  facet normal 0 0 1
    outer loop
      vertex 9.2 18.2 3.2
      vertex 17.4173 23.6761 3.2
      vertex 17.3 23.734 3.2
    endloop
  endfacet
  facet normal 0 0 1
    outer loop
      vertex 9.2 18.2 3.2
      vertex 17.3 23.734 3.2
      vertex 17.1912 23.8066 3.2
    endloop
  endfacet
  facet normal 0 0 1
    outer loop
      vertex 9.2 18.2 3.2
      vertex 17.1912 23.8066 3.2
      vertex 17.0929 23.8929 3.2
    endloop
  endfacet
  facet normal 0 0 1
    outer loop
      vertex 16.8086 24.7305 3.2
      vertex 9.2 18.2 3.2
      vertex 16.8 24.6 3.2
    endloop
  endfacet
  facet normal 0 0 1
    outer loop
      vertex 16.8 24.6 3.2
      vertex 9.2 18.2 3.2
      vertex 16.8086 24.4695 3.2
    endloop
  endfacet
  facet normal 0 0 1
    outer loop
      vertex 9.2 18.2 3.2
      vertex 16.8341 24.3412 3.2
      vertex 16.8086 24.4695 3.2
    endloop
  endfacet
  facet normal 0 0 1
    outer loop
      vertex 9.2 18.2 3.2
      vertex 16.8761 24.2173 3.2
      vertex 16.8341 24.3412 3.2
    endloop
  endfacet
  facet normal 0 0 1
    outer loop
      vertex 9.2 18.2 3.2
      vertex 16.934 24.1 3.2
      vertex 16.8761 24.2173 3.2
    endloop
  endfacet
  facet normal 0 0 1
    outer loop
      vertex 9.2 18.2 3.2
      vertex 17.0066 23.9912 3.2
      vertex 16.934 24.1 3.2
    endloop
  endfacet
  facet normal 0 0 1
    outer loop
      vertex 9.2 18.2 3.2
      vertex 17.0929 23.8929 3.2
      vertex 17.0066 23.9912 3.2
    endloop
  endfacet
  facet normal 0 0 1
    outer loop
      vertex 17.4173 23.6761 3.2
      vertex 9.2 18.2 3.2
      vertex 9.19059 18.0564 3.2
    endloop
  endfacet
  facet normal 0 0 1
    outer loop
      vertex 17.5412 23.6341 3.2
      vertex 9.19059 18.0564 3.2
      vertex 9.16252 17.9153 3.2
    endloop
  endfacet
  facet normal 0 0 1
    outer loop
      vertex 17.6695 23.6086 3.2
      vertex 9.16252 17.9153 3.2
      vertex 9.11627 17.779 3.2
    endloop
  endfacet
  facet normal 0 0 1
    outer loop
      vertex 17.8 23.6 3.2
      vertex 9.11627 17.779 3.2
      vertex 9.05263 17.65 3.2
    endloop
  endfacet
  facet normal 0 0 1
    outer loop
      vertex 17.9305 23.6086 3.2
      vertex 9.05263 17.65 3.2
      vertex 8.97269 17.5304 3.2
    endloop
  endfacet
  facet normal 0 0 1
    outer loop
      vertex 18.0588 23.6341 3.2
      vertex 8.97269 17.5304 3.2
      vertex 38.2 2.3 3.2
    endloop
  endfacet
  facet normal -0 0 1
    outer loop
      vertex 8.87782 17.4222 3.2
      vertex 38.2 2.3 3.2
      vertex 8.97269 17.5304 3.2
    endloop
  endfacet
  facet normal -0 0 1
    outer loop
      vertex 8.76964 17.3273 3.2
      vertex 38.2 2.3 3.2
      vertex 8.87782 17.4222 3.2
    endloop
  endfacet
  facet normal 0 0 1
    outer loop
      vertex 2.8 2.3 3.2
      vertex 8.76964 17.3273 3.2
      vertex 8.65 17.2474 3.2
    endloop
  endfacet
  facet normal 0 0 1
    outer loop
      vertex 2.8 2.3 3.2
      vertex 8.65 17.2474 3.2
      vertex 8.52095 17.1837 3.2
    endloop
  endfacet
  facet normal 0 0 1
    outer loop
      vertex 2.8 2.3 3.2
      vertex 8.52095 17.1837 3.2
      vertex 8.3847 17.1375 3.2
    endloop
  endfacet
  facet normal 0 0 1
    outer loop
      vertex 2.8 2.3 3.2
      vertex 8.3847 17.1375 3.2
      vertex 8.24358 17.1094 3.2
    endloop
  endfacet
  facet normal 0 0 1
    outer loop
      vertex 2.8 2.3 3.2
      vertex 8.24358 17.1094 3.2
      vertex 8.1 17.1 3.2
    endloop
  endfacet
  facet normal 0 0 1
    outer loop
      vertex 2.3 2.8 3.2
      vertex 8.1 17.1 3.2
      vertex 7.95642 17.1094 3.2
    endloop
  endfacet
  facet normal 0 0 1
    outer loop
      vertex 2.3 2.8 3.2
      vertex 7.95642 17.1094 3.2
      vertex 7.8153 17.1375 3.2
    endloop
  endfacet
  facet normal 0 0 1
    outer loop
      vertex 2.3 2.8 3.2
      vertex 7.8153 17.1375 3.2
      vertex 7.67905 17.1837 3.2
    endloop
  endfacet
  facet normal 0 0 1
    outer loop
      vertex 2.3 2.8 3.2
      vertex 7.00941 18.3436 3.2
      vertex 2.3 53.4 3.2
    endloop
  endfacet
  facet normal 0 0 1
    outer loop
      vertex 8.76964 17.3273 3.2
      vertex 2.8 2.3 3.2
      vertex 38.2 2.3 3.2
    endloop
  endfacet
  facet normal 0 0 1
    outer loop
      vertex 2.3 2.8 3.2
      vertex 7.67905 17.1837 3.2
      vertex 7.55 17.2474 3.2
    endloop
  endfacet
  facet normal 0 0 1
    outer loop
      vertex 2.3 2.8 3.2
      vertex 7.55 17.2474 3.2
      vertex 7.43036 17.3273 3.2
    endloop
  endfacet
  facet normal 0 0 1
    outer loop
      vertex 2.3 2.8 3.2
      vertex 7.43036 17.3273 3.2
      vertex 7.32218 17.4222 3.2
    endloop
  endfacet
  facet normal 0 0 1
    outer loop
      vertex 2.3 2.8 3.2
      vertex 7.32218 17.4222 3.2
      vertex 7.22731 17.5304 3.2
    endloop
  endfacet
  facet normal 0 0 1
    outer loop
      vertex 2.3 2.8 3.2
      vertex 7.22731 17.5304 3.2
      vertex 7.14737 17.65 3.2
    endloop
  endfacet
  facet normal 0 0 1
    outer loop
      vertex 2.3 2.8 3.2
      vertex 7.14737 17.65 3.2
      vertex 7.08373 17.779 3.2
    endloop
  endfacet
  facet normal 0 0 1
    outer loop
      vertex 2.3 2.8 3.2
      vertex 7.08373 17.779 3.2
      vertex 7.03748 17.9153 3.2
    endloop
  endfacet
  facet normal 0 0 1
    outer loop
      vertex 2.3 2.8 3.2
      vertex 7.03748 17.9153 3.2
      vertex 7.00941 18.0564 3.2
    endloop
  endfacet
  facet normal 0 0 1
    outer loop
      vertex 7.00941 18.3436 3.2
      vertex 2.3 2.8 3.2
      vertex 7 18.2 3.2
    endloop
  endfacet
  facet normal 0 0 1
    outer loop
      vertex 2.3 53.4 3.2
      vertex 2.8 53.9 3.2
      vertex 2.73472 53.8957 3.2
    endloop
  endfacet
  facet normal 0 0 1
    outer loop
      vertex 7 18.2 3.2
      vertex 2.3 2.8 3.2
      vertex 7.00941 18.0564 3.2
    endloop
  endfacet
  facet normal 0 0 1
    outer loop
      vertex 2.3 53.4 3.2
      vertex 2.73472 53.8957 3.2
      vertex 2.67059 53.883 3.2
    endloop
  endfacet
  facet normal 0 0 1
    outer loop
      vertex 8.1 17.1 3.2
      vertex 2.3 2.8 3.2
      vertex 2.8 2.3 3.2
    endloop
  endfacet
  facet normal 0 0 1
    outer loop
      vertex 2.3 53.4 3.2
      vertex 2.67059 53.883 3.2
      vertex 2.60865 53.8619 3.2
    endloop
  endfacet
  facet normal 0 0 1
    outer loop
      vertex 2.8 2.3 3.2
      vertex 2.3 2.8 3.2
      vertex 2.73472 2.30427 3.2
    endloop
  endfacet
  facet normal 0 0 1
    outer loop
      vertex 2.3 53.4 3.2
      vertex 2.60865 53.8619 3.2
      vertex 2.55 53.833 3.2
    endloop
  endfacet
  facet normal 0 0 1
    outer loop
      vertex 2.73472 2.30427 3.2
      vertex 2.3 2.8 3.2
      vertex 2.67059 2.31703 3.2
    endloop
  endfacet
  facet normal 0 0 1
    outer loop
      vertex 2.3 53.4 3.2
      vertex 2.55 53.833 3.2
      vertex 2.49562 53.7967 3.2
    endloop
  endfacet
  facet normal 0 0 1
    outer loop
      vertex 2.67059 2.31703 3.2
      vertex 2.3 2.8 3.2
      vertex 2.60865 2.33805 3.2
    endloop
  endfacet
  facet normal 0 0 1
    outer loop
      vertex 2.3 53.4 3.2
      vertex 2.49562 53.7967 3.2
      vertex 2.44644 53.7536 3.2
    endloop
  endfacet
  facet normal 0 0 1
    outer loop
      vertex 2.60865 2.33805 3.2
      vertex 2.3 2.8 3.2
      vertex 2.55 2.36699 3.2
    endloop
  endfacet
  facet normal 0 0 1
    outer loop
      vertex 2.3 53.4 3.2
      vertex 2.44644 53.7536 3.2
      vertex 2.40332 53.7044 3.2
    endloop
  endfacet
  facet normal 0 0 1
    outer loop
      vertex 2.55 2.36699 3.2
      vertex 2.3 2.8 3.2
      vertex 2.49562 2.40332 3.2
    endloop
  endfacet
  facet normal 0 0 1
    outer loop
      vertex 2.3 53.4 3.2
      vertex 2.40332 53.7044 3.2
      vertex 2.36699 53.65 3.2
    endloop
  endfacet
  facet normal 0 0 1
    outer loop
      vertex 2.49562 2.40332 3.2
      vertex 2.3 2.8 3.2
      vertex 2.44644 2.44644 3.2
    endloop
  endfacet
  facet normal 0 0 1
    outer loop
      vertex 2.3 53.4 3.2
      vertex 2.36699 53.65 3.2
      vertex 2.33805 53.5913 3.2
    endloop
  endfacet
  facet normal 0 0 1
    outer loop
      vertex 2.44644 2.44644 3.2
      vertex 2.3 2.8 3.2
      vertex 2.40332 2.49562 3.2
    endloop
  endfacet
  facet normal 0 0 1
    outer loop
      vertex 2.3 53.4 3.2
      vertex 2.33805 53.5913 3.2
      vertex 2.31703 53.5294 3.2
    endloop
  endfacet
  facet normal 0 0 1
    outer loop
      vertex 2.40332 2.49562 3.2
      vertex 2.3 2.8 3.2
      vertex 2.36699 2.55 3.2
    endloop
  endfacet
  facet normal 0 0 1
    outer loop
      vertex 2.3 53.4 3.2
      vertex 2.31703 53.5294 3.2
      vertex 2.30427 53.4653 3.2
    endloop
  endfacet
  facet normal 0 0 1
    outer loop
      vertex 2.36699 2.55 3.2
      vertex 2.3 2.8 3.2
      vertex 2.33805 2.60865 3.2
    endloop
  endfacet
  facet normal 0 0 1
    outer loop
      vertex 2.33805 2.60865 3.2
      vertex 2.3 2.8 3.2
      vertex 2.31703 2.67059 3.2
    endloop
  endfacet
  facet normal 0 0 1
    outer loop
      vertex 2.31703 2.67059 3.2
      vertex 2.3 2.8 3.2
      vertex 2.30427 2.73472 3.2
    endloop
  endfacet
  facet normal -0.896769 -0.442498 0
    outer loop
      vertex 2.36699 2.55 2
      vertex 2.33805 2.60865 3.2
      vertex 2.33805 2.60865 2
    endloop
  endfacet
  facet normal -0.896769 -0.442498 0
    outer loop
      vertex 2.33805 2.60865 3.2
      vertex 2.36699 2.55 2
      vertex 2.36699 2.55 3.2
    endloop
  endfacet
  facet normal 0.441703 0.897161 -0
    outer loop
      vertex 38.45 53.833 2
      vertex 38.3913 53.8619 3.2
      vertex 38.45 53.833 3.2
    endloop
  endfacet
  facet normal 0.441703 0.897161 0
    outer loop
      vertex 38.3913 53.8619 3.2
      vertex 38.45 53.833 2
      vertex 38.3913 53.8619 2
    endloop
  endfacet
  facet normal -0.442006 0.897012 0
    outer loop
      vertex 2.60865 53.8619 2
      vertex 2.55 53.833 3.2
      vertex 2.60865 53.8619 3.2
    endloop
  endfacet
  facet normal -0.442006 0.897012 0
    outer loop
      vertex 2.55 53.833 3.2
      vertex 2.60865 53.8619 2
      vertex 2.55 53.833 2
    endloop
  endfacet
  facet normal -0.751913 -0.659262 0
    outer loop
      vertex 2.44644 2.44644 2
      vertex 2.40332 2.49562 3.2
      vertex 2.40332 2.49562 2
    endloop
  endfacet
  facet normal -0.751913 -0.659262 0
    outer loop
      vertex 2.40332 2.49562 3.2
      vertex 2.44644 2.44644 2
      vertex 2.44644 2.44644 3.2
    endloop
  endfacet
  facet normal 0.0657076 0.997839 -0
    outer loop
      vertex 38.2653 53.8957 2
      vertex 38.2 53.9 3.2
      vertex 38.2653 53.8957 3.2
    endloop
  endfacet
  facet normal 0.0657076 0.997839 0
    outer loop
      vertex 38.2 53.9 3.2
      vertex 38.2653 53.8957 2
      vertex 38.2 53.9 2
    endloop
  endfacet
  facet normal 0.659869 -0.751381 0
    outer loop
      vertex 38.5044 2.40332 2
      vertex 38.5535 2.44644 3.2
      vertex 38.5044 2.40332 3.2
    endloop
  endfacet
  facet normal 0.659869 -0.751381 0
    outer loop
      vertex 38.5535 2.44644 3.2
      vertex 38.5044 2.40332 2
      vertex 38.5535 2.44644 2
    endloop
  endfacet
  facet normal 0.980657 -0.195734 0
    outer loop
      vertex 38.6829 2.67059 3.2
      vertex 38.6957 2.73472 2
      vertex 38.6957 2.73472 3.2
    endloop
  endfacet
  facet normal 0.980657 -0.195734 0
    outer loop
      vertex 38.6957 2.73472 2
      vertex 38.6829 2.67059 3.2
      vertex 38.6829 2.67059 2
    endloop
  endfacet
  facet normal -0.555194 0.831721 0
    outer loop
      vertex 2.55 53.833 2
      vertex 2.49562 53.7967 3.2
      vertex 2.55 53.833 3.2
    endloop
  endfacet
  facet normal -0.555194 0.831721 0
    outer loop
      vertex 2.49562 53.7967 3.2
      vertex 2.55 53.833 2
      vertex 2.49562 53.7967 2
    endloop
  endfacet
  facet normal 0.55537 -0.831603 0
    outer loop
      vertex 38.45 2.36699 2
      vertex 38.5044 2.40332 3.2
      vertex 38.45 2.36699 3.2
    endloop
  endfacet
  facet normal 0.55537 -0.831603 0
    outer loop
      vertex 38.5044 2.40332 3.2
      vertex 38.45 2.36699 2
      vertex 38.5044 2.40332 2
    endloop
  endfacet
  facet normal 0.0652511 -0.997869 0
    outer loop
      vertex 38.2 2.3 2
      vertex 38.2653 2.30427 3.2
      vertex 38.2 2.3 3.2
    endloop
  endfacet
  facet normal 0.0652511 -0.997869 0
    outer loop
      vertex 38.2653 2.30427 3.2
      vertex 38.2 2.3 2
      vertex 38.2653 2.30427 2
    endloop
  endfacet
  facet normal 0.195233 -0.980757 0
    outer loop
      vertex 38.2653 2.30427 2
      vertex 38.3294 2.31703 3.2
      vertex 38.2653 2.30427 3.2
    endloop
  endfacet
  facet normal 0.195233 -0.980757 0
    outer loop
      vertex 38.3294 2.31703 3.2
      vertex 38.2653 2.30427 2
      vertex 38.3294 2.31703 2
    endloop
  endfacet
  facet normal -0.752046 0.65911 0
    outer loop
      vertex 2.40332 53.7044 2
      vertex 2.44644 53.7536 3.2
      vertex 2.44644 53.7536 2
    endloop
  endfacet
  facet normal -0.752046 0.65911 0
    outer loop
      vertex 2.44644 53.7536 3.2
      vertex 2.40332 53.7044 2
      vertex 2.40332 53.7044 3.2
    endloop
  endfacet
  facet normal -0.831509 -0.555512 0
    outer loop
      vertex 2.40332 2.49562 2
      vertex 2.36699 2.55 3.2
      vertex 2.36699 2.55 2
    endloop
  endfacet
  facet normal -0.831509 -0.555512 0
    outer loop
      vertex 2.36699 2.55 3.2
      vertex 2.40332 2.49562 2
      vertex 2.40332 2.49562 3.2
    endloop
  endfacet
  facet normal -0.0652711 -0.997868 0
    outer loop
      vertex 2.73472 2.30427 2
      vertex 2.8 2.3 3.2
      vertex 2.73472 2.30427 3.2
    endloop
  endfacet
  facet normal -0.0652711 -0.997868 -0
    outer loop
      vertex 2.8 2.3 3.2
      vertex 2.73472 2.30427 2
      vertex 2.8 2.3 2
    endloop
  endfacet
  facet normal -0.555512 -0.831509 0
    outer loop
      vertex 2.49562 2.40332 2
      vertex 2.55 2.36699 3.2
      vertex 2.49562 2.40332 3.2
    endloop
  endfacet
  facet normal -0.555512 -0.831509 -0
    outer loop
      vertex 2.55 2.36699 3.2
      vertex 2.49562 2.40332 2
      vertex 2.55 2.36699 2
    endloop
  endfacet
  facet normal -0.442498 -0.896769 0
    outer loop
      vertex 2.55 2.36699 2
      vertex 2.60865 2.33805 3.2
      vertex 2.55 2.36699 3.2
    endloop
  endfacet
  facet normal -0.442498 -0.896769 -0
    outer loop
      vertex 2.60865 2.33805 3.2
      vertex 2.55 2.36699 2
      vertex 2.60865 2.33805 2
    endloop
  endfacet
  facet normal -0.946957 -0.32136 0
    outer loop
      vertex 2.33805 2.60865 2
      vertex 2.31703 2.67059 3.2
      vertex 2.31703 2.67059 2
    endloop
  endfacet
  facet normal -0.946957 -0.32136 0
    outer loop
      vertex 2.31703 2.67059 3.2
      vertex 2.33805 2.60865 2
      vertex 2.33805 2.60865 3.2
    endloop
  endfacet
  facet normal -1 0 0
    outer loop
      vertex 28 46.1 0
      vertex 28 47.3 3.2
      vertex 28 47.3 0
    endloop
  endfacet
  facet normal -1 -0 0
    outer loop
      vertex 28 47.3 3.2
      vertex 28 46.1 0
      vertex 28 46.1 3.2
    endloop
  endfacet
  facet normal 1 -0 0
    outer loop
      vertex 13 46.1 3.2
      vertex 13 47.3 0
      vertex 13 47.3 3.2
    endloop
  endfacet
  facet normal 1 0 0
    outer loop
      vertex 13 47.3 0
      vertex 13 46.1 3.2
      vertex 13 46.1 0
    endloop
  endfacet
  facet normal 0 -1 0
    outer loop
      vertex 13 47.3 0
      vertex 28 47.3 3.2
      vertex 13 47.3 3.2
    endloop
  endfacet
  facet normal 0 -1 -0
    outer loop
      vertex 28 47.3 3.2
      vertex 13 47.3 0
      vertex 28 47.3 0
    endloop
  endfacet
  facet normal 0 1 -0
    outer loop
      vertex 28 46.1 0
      vertex 13 46.1 3.2
      vertex 28 46.1 3.2
    endloop
  endfacet
  facet normal 0 1 0
    outer loop
      vertex 13 46.1 3.2
      vertex 28 46.1 0
      vertex 13 46.1 0
    endloop
  endfacet
  facet normal -1 0 0
    outer loop
      vertex 28 48.7 0
      vertex 28 49.9 3.2
      vertex 28 49.9 0
    endloop
  endfacet
  facet normal -1 -0 0
    outer loop
      vertex 28 49.9 3.2
      vertex 28 48.7 0
      vertex 28 48.7 3.2
    endloop
  endfacet
  facet normal 1 -0 0
    outer loop
      vertex 13 48.7 3.2
      vertex 13 49.9 0
      vertex 13 49.9 3.2
    endloop
  endfacet
  facet normal 1 0 0
    outer loop
      vertex 13 49.9 0
      vertex 13 48.7 3.2
      vertex 13 48.7 0
    endloop
  endfacet
  facet normal 0 -1 0
    outer loop
      vertex 13 49.9 0
      vertex 28 49.9 3.2
      vertex 13 49.9 3.2
    endloop
  endfacet
  facet normal 0 -1 -0
    outer loop
      vertex 28 49.9 3.2
      vertex 13 49.9 0
      vertex 28 49.9 0
    endloop
  endfacet
  facet normal 0 1 -0
    outer loop
      vertex 28 48.7 0
      vertex 13 48.7 3.2
      vertex 28 48.7 3.2
    endloop
  endfacet
  facet normal 0 1 0
    outer loop
      vertex 13 48.7 3.2
      vertex 28 48.7 0
      vertex 13 48.7 0
    endloop
  endfacet
  facet normal -0.980801 -0.195013 0
    outer loop
      vertex 22.1829 30.8611 0
      vertex 22.1319 31.1176 3.2
      vertex 22.1319 31.1176 0
    endloop
  endfacet
  facet normal -0.980801 -0.195013 0
    outer loop
      vertex 22.1319 31.1176 3.2
      vertex 22.1829 30.8611 0
      vertex 22.1829 30.8611 3.2
    endloop
  endfacet
  facet normal -0.997862 -0.0653521 0
    outer loop
      vertex 22.2 30.6 0
      vertex 22.1829 30.8611 3.2
      vertex 22.1829 30.8611 0
    endloop
  endfacet
  facet normal -0.997862 -0.0653521 0
    outer loop
      vertex 22.1829 30.8611 3.2
      vertex 22.2 30.6 0
      vertex 22.2 30.6 3.2
    endloop
  endfacet
  facet normal -0.94695 -0.321382 0
    outer loop
      vertex 22.1319 31.1176 0
      vertex 22.0478 31.3654 3.2
      vertex 22.0478 31.3654 0
    endloop
  endfacet
  facet normal -0.94695 -0.321382 0
    outer loop
      vertex 22.0478 31.3654 3.2
      vertex 22.1319 31.1176 0
      vertex 22.1319 31.1176 3.2
    endloop
  endfacet
  facet normal 0.831344 -0.555758 0
    outer loop
      vertex 18.4679 31.6 3.2
      vertex 18.6133 31.8175 0
      vertex 18.6133 31.8175 3.2
    endloop
  endfacet
  facet normal 0.831344 -0.555758 0
    outer loop
      vertex 18.6133 31.8175 0
      vertex 18.4679 31.6 3.2
      vertex 18.4679 31.6 0
    endloop
  endfacet
  facet normal -0.321382 -0.94695 0
    outer loop
      vertex 20.7176 32.5319 0
      vertex 20.9654 32.4478 3.2
      vertex 20.7176 32.5319 3.2
    endloop
  endfacet
  facet normal -0.321382 -0.94695 -0
    outer loop
      vertex 20.9654 32.4478 3.2
      vertex 20.7176 32.5319 0
      vertex 20.9654 32.4478 0
    endloop
  endfacet
  facet normal -0.555758 -0.831344 0
    outer loop
      vertex 21.2 32.3321 0
      vertex 21.4175 32.1867 3.2
      vertex 21.2 32.3321 3.2
    endloop
  endfacet
  facet normal -0.555758 -0.831344 -0
    outer loop
      vertex 21.4175 32.1867 3.2
      vertex 21.2 32.3321 0
      vertex 21.4175 32.1867 0
    endloop
  endfacet
  facet normal 0.94695 -0.321382 0
    outer loop
      vertex 18.2681 31.1176 3.2
      vertex 18.3522 31.3654 0
      vertex 18.3522 31.3654 3.2
    endloop
  endfacet
  facet normal 0.94695 -0.321382 0
    outer loop
      vertex 18.3522 31.3654 0
      vertex 18.2681 31.1176 3.2
      vertex 18.2681 31.1176 0
    endloop
  endfacet
  facet normal -0.321382 0.94695 0
    outer loop
      vertex 20.9654 28.7522 0
      vertex 20.7176 28.6681 3.2
      vertex 20.9654 28.7522 3.2
    endloop
  endfacet
  facet normal -0.321382 0.94695 0
    outer loop
      vertex 20.7176 28.6681 3.2
      vertex 20.9654 28.7522 0
      vertex 20.7176 28.6681 0
    endloop
  endfacet
  facet normal -0.89686 -0.442314 0
    outer loop
      vertex 22.0478 31.3654 0
      vertex 21.9321 31.6 3.2
      vertex 21.9321 31.6 0
    endloop
  endfacet
  facet normal -0.89686 -0.442314 0
    outer loop
      vertex 21.9321 31.6 3.2
      vertex 22.0478 31.3654 0
      vertex 22.0478 31.3654 3.2
    endloop
  endfacet
  facet normal 0.997862 -0.0653521 0
    outer loop
      vertex 18.2 30.6 3.2
      vertex 18.2171 30.8611 0
      vertex 18.2171 30.8611 3.2
    endloop
  endfacet
  facet normal 0.997862 -0.0653521 0
    outer loop
      vertex 18.2171 30.8611 0
      vertex 18.2 30.6 3.2
      vertex 18.2 30.6 0
    endloop
  endfacet
  facet normal -0.94695 0.321382 0
    outer loop
      vertex 22.0478 29.8346 0
      vertex 22.1319 30.0824 3.2
      vertex 22.1319 30.0824 0
    endloop
  endfacet
  facet normal -0.94695 0.321382 0
    outer loop
      vertex 22.1319 30.0824 3.2
      vertex 22.0478 29.8346 0
      vertex 22.0478 29.8346 3.2
    endloop
  endfacet
  facet normal 0.831344 0.555758 0
    outer loop
      vertex 18.6133 29.3825 3.2
      vertex 18.4679 29.6 0
      vertex 18.4679 29.6 3.2
    endloop
  endfacet
  facet normal 0.831344 0.555758 0
    outer loop
      vertex 18.4679 29.6 0
      vertex 18.6133 29.3825 3.2
      vertex 18.6133 29.3825 0
    endloop
  endfacet
  facet normal 0.751842 -0.659343 0
    outer loop
      vertex 18.6133 31.8175 3.2
      vertex 18.7858 32.0142 0
      vertex 18.7858 32.0142 3.2
    endloop
  endfacet
  facet normal 0.751842 -0.659343 0
    outer loop
      vertex 18.7858 32.0142 0
      vertex 18.6133 31.8175 3.2
      vertex 18.6133 31.8175 0
    endloop
  endfacet
  facet normal -0.0653521 -0.997862 0
    outer loop
      vertex 20.2 32.6 0
      vertex 20.4611 32.5829 3.2
      vertex 20.2 32.6 3.2
    endloop
  endfacet
  facet normal -0.0653521 -0.997862 -0
    outer loop
      vertex 20.4611 32.5829 3.2
      vertex 20.2 32.6 0
      vertex 20.4611 32.5829 0
    endloop
  endfacet
  facet normal -0.89686 0.442314 0
    outer loop
      vertex 21.9321 29.6 0
      vertex 22.0478 29.8346 3.2
      vertex 22.0478 29.8346 0
    endloop
  endfacet
  facet normal -0.89686 0.442314 0
    outer loop
      vertex 22.0478 29.8346 3.2
      vertex 21.9321 29.6 0
      vertex 21.9321 29.6 3.2
    endloop
  endfacet
  facet normal -0.195013 0.980801 0
    outer loop
      vertex 20.7176 28.6681 0
      vertex 20.4611 28.6171 3.2
      vertex 20.7176 28.6681 3.2
    endloop
  endfacet
  facet normal -0.195013 0.980801 0
    outer loop
      vertex 20.4611 28.6171 3.2
      vertex 20.7176 28.6681 0
      vertex 20.4611 28.6171 0
    endloop
  endfacet
  facet normal 0.751842 0.659343 0
    outer loop
      vertex 18.7858 29.1858 3.2
      vertex 18.6133 29.3825 0
      vertex 18.6133 29.3825 3.2
    endloop
  endfacet
  facet normal 0.751842 0.659343 0
    outer loop
      vertex 18.6133 29.3825 0
      vertex 18.7858 29.1858 3.2
      vertex 18.7858 29.1858 0
    endloop
  endfacet
  facet normal 0.555758 0.831344 -0
    outer loop
      vertex 19.2 28.8679 0
      vertex 18.9825 29.0133 3.2
      vertex 19.2 28.8679 3.2
    endloop
  endfacet
  facet normal 0.555758 0.831344 0
    outer loop
      vertex 18.9825 29.0133 3.2
      vertex 19.2 28.8679 0
      vertex 18.9825 29.0133 0
    endloop
  endfacet
  facet normal 0.442314 -0.89686 0
    outer loop
      vertex 19.2 32.3321 0
      vertex 19.4346 32.4478 3.2
      vertex 19.2 32.3321 3.2
    endloop
  endfacet
  facet normal 0.442314 -0.89686 0
    outer loop
      vertex 19.4346 32.4478 3.2
      vertex 19.2 32.3321 0
      vertex 19.4346 32.4478 0
    endloop
  endfacet
  facet normal -0.831344 -0.555758 0
    outer loop
      vertex 21.9321 31.6 0
      vertex 21.7867 31.8175 3.2
      vertex 21.7867 31.8175 0
    endloop
  endfacet
  facet normal -0.831344 -0.555758 0
    outer loop
      vertex 21.7867 31.8175 3.2
      vertex 21.9321 31.6 0
      vertex 21.9321 31.6 3.2
    endloop
  endfacet
  facet normal -0.980801 0.195013 0
    outer loop
      vertex 22.1319 30.0824 0
      vertex 22.1829 30.3389 3.2
      vertex 22.1829 30.3389 0
    endloop
  endfacet
  facet normal -0.980801 0.195013 0
    outer loop
      vertex 22.1829 30.3389 3.2
      vertex 22.1319 30.0824 0
      vertex 22.1319 30.0824 3.2
    endloop
  endfacet
  facet normal -0.442314 0.89686 0
    outer loop
      vertex 21.2 28.8679 0
      vertex 20.9654 28.7522 3.2
      vertex 21.2 28.8679 3.2
    endloop
  endfacet
  facet normal -0.442314 0.89686 0
    outer loop
      vertex 20.9654 28.7522 3.2
      vertex 21.2 28.8679 0
      vertex 20.9654 28.7522 0
    endloop
  endfacet
  facet normal -0.997862 0.0653521 0
    outer loop
      vertex 22.1829 30.3389 0
      vertex 22.2 30.6 3.2
      vertex 22.2 30.6 0
    endloop
  endfacet
  facet normal -0.997862 0.0653521 0
    outer loop
      vertex 22.2 30.6 3.2
      vertex 22.1829 30.3389 0
      vertex 22.1829 30.3389 3.2
    endloop
  endfacet
  facet normal 0.0653521 0.997862 -0
    outer loop
      vertex 20.2 28.6 0
      vertex 19.9389 28.6171 3.2
      vertex 20.2 28.6 3.2
    endloop
  endfacet
  facet normal 0.0653521 0.997862 0
    outer loop
      vertex 19.9389 28.6171 3.2
      vertex 20.2 28.6 0
      vertex 19.9389 28.6171 0
    endloop
  endfacet
  facet normal -0.659343 -0.751842 0
    outer loop
      vertex 21.4175 32.1867 0
      vertex 21.6142 32.0142 3.2
      vertex 21.4175 32.1867 3.2
    endloop
  endfacet
  facet normal -0.659343 -0.751842 -0
    outer loop
      vertex 21.6142 32.0142 3.2
      vertex 21.4175 32.1867 0
      vertex 21.6142 32.0142 0
    endloop
  endfacet
  facet normal -0.555758 0.831344 0
    outer loop
      vertex 21.4175 29.0133 0
      vertex 21.2 28.8679 3.2
      vertex 21.4175 29.0133 3.2
    endloop
  endfacet
  facet normal -0.555758 0.831344 0
    outer loop
      vertex 21.2 28.8679 3.2
      vertex 21.4175 29.0133 0
      vertex 21.2 28.8679 0
    endloop
  endfacet
  facet normal 0.555758 -0.831344 0
    outer loop
      vertex 18.9825 32.1867 0
      vertex 19.2 32.3321 3.2
      vertex 18.9825 32.1867 3.2
    endloop
  endfacet
  facet normal 0.555758 -0.831344 0
    outer loop
      vertex 19.2 32.3321 3.2
      vertex 18.9825 32.1867 0
      vertex 19.2 32.3321 0
    endloop
  endfacet
  facet normal -0.751842 -0.659343 0
    outer loop
      vertex 21.7867 31.8175 0
      vertex 21.6142 32.0142 3.2
      vertex 21.6142 32.0142 0
    endloop
  endfacet
  facet normal -0.751842 -0.659343 0
    outer loop
      vertex 21.6142 32.0142 3.2
      vertex 21.7867 31.8175 0
      vertex 21.7867 31.8175 3.2
    endloop
  endfacet
  facet normal -0.659343 0.751842 0
    outer loop
      vertex 21.6142 29.1858 0
      vertex 21.4175 29.0133 3.2
      vertex 21.6142 29.1858 3.2
    endloop
  endfacet
  facet normal -0.659343 0.751842 0
    outer loop
      vertex 21.4175 29.0133 3.2
      vertex 21.6142 29.1858 0
      vertex 21.4175 29.0133 0
    endloop
  endfacet
  facet normal 0.997862 0.0653521 0
    outer loop
      vertex 18.2171 30.3389 3.2
      vertex 18.2 30.6 0
      vertex 18.2 30.6 3.2
    endloop
  endfacet
  facet normal 0.997862 0.0653521 0
    outer loop
      vertex 18.2 30.6 0
      vertex 18.2171 30.3389 3.2
      vertex 18.2171 30.3389 0
    endloop
  endfacet
  facet normal -0.831344 0.555758 0
    outer loop
      vertex 21.7867 29.3825 0
      vertex 21.9321 29.6 3.2
      vertex 21.9321 29.6 0
    endloop
  endfacet
  facet normal -0.831344 0.555758 0
    outer loop
      vertex 21.9321 29.6 3.2
      vertex 21.7867 29.3825 0
      vertex 21.7867 29.3825 3.2
    endloop
  endfacet
  facet normal 0.195013 -0.980801 0
    outer loop
      vertex 19.6824 32.5319 0
      vertex 19.9389 32.5829 3.2
      vertex 19.6824 32.5319 3.2
    endloop
  endfacet
  facet normal 0.195013 -0.980801 0
    outer loop
      vertex 19.9389 32.5829 3.2
      vertex 19.6824 32.5319 0
      vertex 19.9389 32.5829 0
    endloop
  endfacet
  facet normal 0.659343 -0.751842 0
    outer loop
      vertex 18.7858 32.0142 0
      vertex 18.9825 32.1867 3.2
      vertex 18.7858 32.0142 3.2
    endloop
  endfacet
  facet normal 0.659343 -0.751842 0
    outer loop
      vertex 18.9825 32.1867 3.2
      vertex 18.7858 32.0142 0
      vertex 18.9825 32.1867 0
    endloop
  endfacet
  facet normal -0.442314 -0.89686 0
    outer loop
      vertex 20.9654 32.4478 0
      vertex 21.2 32.3321 3.2
      vertex 20.9654 32.4478 3.2
    endloop
  endfacet
  facet normal -0.442314 -0.89686 -0
    outer loop
      vertex 21.2 32.3321 3.2
      vertex 20.9654 32.4478 0
      vertex 21.2 32.3321 0
    endloop
  endfacet
  facet normal -0.751842 0.659343 0
    outer loop
      vertex 21.6142 29.1858 0
      vertex 21.7867 29.3825 3.2
      vertex 21.7867 29.3825 0
    endloop
  endfacet
  facet normal -0.751842 0.659343 0
    outer loop
      vertex 21.7867 29.3825 3.2
      vertex 21.6142 29.1858 0
      vertex 21.6142 29.1858 3.2
    endloop
  endfacet
  facet normal -0.0653521 0.997862 0
    outer loop
      vertex 20.4611 28.6171 0
      vertex 20.2 28.6 3.2
      vertex 20.4611 28.6171 3.2
    endloop
  endfacet
  facet normal -0.0653521 0.997862 0
    outer loop
      vertex 20.2 28.6 3.2
      vertex 20.4611 28.6171 0
      vertex 20.2 28.6 0
    endloop
  endfacet
  facet normal 0.980801 0.195013 0
    outer loop
      vertex 18.2681 30.0824 3.2
      vertex 18.2171 30.3389 0
      vertex 18.2171 30.3389 3.2
    endloop
  endfacet
  facet normal 0.980801 0.195013 0
    outer loop
      vertex 18.2171 30.3389 0
      vertex 18.2681 30.0824 3.2
      vertex 18.2681 30.0824 0
    endloop
  endfacet
  facet normal 0.0653521 -0.997862 0
    outer loop
      vertex 19.9389 32.5829 0
      vertex 20.2 32.6 3.2
      vertex 19.9389 32.5829 3.2
    endloop
  endfacet
  facet normal 0.0653521 -0.997862 0
    outer loop
      vertex 20.2 32.6 3.2
      vertex 19.9389 32.5829 0
      vertex 20.2 32.6 0
    endloop
  endfacet
  facet normal 0.89686 -0.442314 0
    outer loop
      vertex 18.3522 31.3654 3.2
      vertex 18.4679 31.6 0
      vertex 18.4679 31.6 3.2
    endloop
  endfacet
  facet normal 0.89686 -0.442314 0
    outer loop
      vertex 18.4679 31.6 0
      vertex 18.3522 31.3654 3.2
      vertex 18.3522 31.3654 0
    endloop
  endfacet
  facet normal 0.980801 -0.195013 0
    outer loop
      vertex 18.2171 30.8611 3.2
      vertex 18.2681 31.1176 0
      vertex 18.2681 31.1176 3.2
    endloop
  endfacet
  facet normal 0.980801 -0.195013 0
    outer loop
      vertex 18.2681 31.1176 0
      vertex 18.2171 30.8611 3.2
      vertex 18.2171 30.8611 0
    endloop
  endfacet
  facet normal -0.195013 -0.980801 0
    outer loop
      vertex 20.4611 32.5829 0
      vertex 20.7176 32.5319 3.2
      vertex 20.4611 32.5829 3.2
    endloop
  endfacet
  facet normal -0.195013 -0.980801 -0
    outer loop
      vertex 20.7176 32.5319 3.2
      vertex 20.4611 32.5829 0
      vertex 20.7176 32.5319 0
    endloop
  endfacet
  facet normal 0.321382 -0.94695 0
    outer loop
      vertex 19.4346 32.4478 0
      vertex 19.6824 32.5319 3.2
      vertex 19.4346 32.4478 3.2
    endloop
  endfacet
  facet normal 0.321382 -0.94695 0
    outer loop
      vertex 19.6824 32.5319 3.2
      vertex 19.4346 32.4478 0
      vertex 19.6824 32.5319 0
    endloop
  endfacet
  facet normal 0.659343 0.751842 -0
    outer loop
      vertex 18.9825 29.0133 0
      vertex 18.7858 29.1858 3.2
      vertex 18.9825 29.0133 3.2
    endloop
  endfacet
  facet normal 0.659343 0.751842 0
    outer loop
      vertex 18.7858 29.1858 3.2
      vertex 18.9825 29.0133 0
      vertex 18.7858 29.1858 0
    endloop
  endfacet
  facet normal 0.89686 0.442314 0
    outer loop
      vertex 18.4679 29.6 3.2
      vertex 18.3522 29.8346 0
      vertex 18.3522 29.8346 3.2
    endloop
  endfacet
  facet normal 0.89686 0.442314 0
    outer loop
      vertex 18.3522 29.8346 0
      vertex 18.4679 29.6 3.2
      vertex 18.4679 29.6 0
    endloop
  endfacet
  facet normal 0.321382 0.94695 -0
    outer loop
      vertex 19.6824 28.6681 0
      vertex 19.4346 28.7522 3.2
      vertex 19.6824 28.6681 3.2
    endloop
  endfacet
  facet normal 0.321382 0.94695 0
    outer loop
      vertex 19.4346 28.7522 3.2
      vertex 19.6824 28.6681 0
      vertex 19.4346 28.7522 0
    endloop
  endfacet
  facet normal 0.94695 0.321382 0
    outer loop
      vertex 18.3522 29.8346 3.2
      vertex 18.2681 30.0824 0
      vertex 18.2681 30.0824 3.2
    endloop
  endfacet
  facet normal 0.94695 0.321382 0
    outer loop
      vertex 18.2681 30.0824 0
      vertex 18.3522 29.8346 3.2
      vertex 18.3522 29.8346 0
    endloop
  endfacet
  facet normal 0.442314 0.89686 -0
    outer loop
      vertex 19.4346 28.7522 0
      vertex 19.2 28.8679 3.2
      vertex 19.4346 28.7522 3.2
    endloop
  endfacet
  facet normal 0.442314 0.89686 0
    outer loop
      vertex 19.2 28.8679 3.2
      vertex 19.4346 28.7522 0
      vertex 19.2 28.8679 0
    endloop
  endfacet
  facet normal 0.195013 0.980801 -0
    outer loop
      vertex 19.9389 28.6171 0
      vertex 19.6824 28.6681 3.2
      vertex 19.9389 28.6171 3.2
    endloop
  endfacet
  facet normal 0.195013 0.980801 0
    outer loop
      vertex 19.6824 28.6681 3.2
      vertex 19.9389 28.6171 0
      vertex 19.6824 28.6681 0
    endloop
  endfacet
  facet normal 0.19494 0.980815 -0
    outer loop
      vertex 17.6695 23.6086 0
      vertex 17.5412 23.6341 3.2
      vertex 17.6695 23.6086 3.2
    endloop
  endfacet
  facet normal 0.19494 0.980815 0
    outer loop
      vertex 17.5412 23.6341 3.2
      vertex 17.6695 23.6086 0
      vertex 17.5412 23.6341 0
    endloop
  endfacet
  facet normal -0.980815 -0.19494 0
    outer loop
      vertex 18.7914 24.7305 0
      vertex 18.7659 24.8588 3.2
      vertex 18.7659 24.8588 0
    endloop
  endfacet
  facet normal -0.980815 -0.19494 0
    outer loop
      vertex 18.7659 24.8588 3.2
      vertex 18.7914 24.7305 0
      vertex 18.7914 24.7305 3.2
    endloop
  endfacet
  facet normal -0.997836 -0.0657577 0
    outer loop
      vertex 18.8 24.6 0
      vertex 18.7914 24.7305 3.2
      vertex 18.7914 24.7305 0
    endloop
  endfacet
  facet normal -0.997836 -0.0657577 0
    outer loop
      vertex 18.7914 24.7305 3.2
      vertex 18.8 24.6 0
      vertex 18.8 24.6 3.2
    endloop
  endfacet
  facet normal 0.896709 -0.442621 0
    outer loop
      vertex 16.8761 24.9827 3.2
      vertex 16.934 25.1 0
      vertex 16.934 25.1 3.2
    endloop
  endfacet
  facet normal 0.896709 -0.442621 0
    outer loop
      vertex 16.934 25.1 0
      vertex 16.8761 24.9827 3.2
      vertex 16.8761 24.9827 0
    endloop
  endfacet
  facet normal 0.321039 0.947066 -0
    outer loop
      vertex 17.5412 23.6341 0
      vertex 17.4173 23.6761 3.2
      vertex 17.5412 23.6341 3.2
    endloop
  endfacet
  facet normal 0.321039 0.947066 0
    outer loop
      vertex 17.4173 23.6761 3.2
      vertex 17.5412 23.6341 0
      vertex 17.4173 23.6761 0
    endloop
  endfacet
  facet normal -0.980815 0.19494 0
    outer loop
      vertex 18.7659 24.3412 0
      vertex 18.7914 24.4695 3.2
      vertex 18.7914 24.4695 0
    endloop
  endfacet
  facet normal -0.980815 0.19494 0
    outer loop
      vertex 18.7914 24.4695 3.2
      vertex 18.7659 24.3412 0
      vertex 18.7659 24.3412 3.2
    endloop
  endfacet
  facet normal -0.0657577 -0.997836 0
    outer loop
      vertex 17.8 25.6 0
      vertex 17.9305 25.5914 3.2
      vertex 17.8 25.6 3.2
    endloop
  endfacet
  facet normal -0.0657577 -0.997836 -0
    outer loop
      vertex 17.9305 25.5914 3.2
      vertex 17.8 25.6 0
      vertex 17.9305 25.5914 0
    endloop
  endfacet
  facet normal 0.947066 0.321039 0
    outer loop
      vertex 16.8761 24.2173 3.2
      vertex 16.8341 24.3412 0
      vertex 16.8341 24.3412 3.2
    endloop
  endfacet
  facet normal 0.947066 0.321039 0
    outer loop
      vertex 16.8341 24.3412 0
      vertex 16.8761 24.2173 3.2
      vertex 16.8761 24.2173 0
    endloop
  endfacet
  facet normal -0.19494 0.980815 0
    outer loop
      vertex 18.0588 23.6341 0
      vertex 17.9305 23.6086 3.2
      vertex 18.0588 23.6341 3.2
    endloop
  endfacet
  facet normal -0.19494 0.980815 0
    outer loop
      vertex 17.9305 23.6086 3.2
      vertex 18.0588 23.6341 0
      vertex 17.9305 23.6086 0
    endloop
  endfacet
  facet normal 0.980815 -0.19494 0
    outer loop
      vertex 16.8086 24.7305 3.2
      vertex 16.8341 24.8588 0
      vertex 16.8341 24.8588 3.2
    endloop
  endfacet
  facet normal 0.980815 -0.19494 0
    outer loop
      vertex 16.8341 24.8588 0
      vertex 16.8086 24.7305 3.2
      vertex 16.8086 24.7305 0
    endloop
  endfacet
  facet normal 0.659749 -0.751486 0
    outer loop
      vertex 17.0929 25.3071 0
      vertex 17.1912 25.3934 3.2
      vertex 17.0929 25.3071 3.2
    endloop
  endfacet
  facet normal 0.659749 -0.751486 0
    outer loop
      vertex 17.1912 25.3934 3.2
      vertex 17.0929 25.3071 0
      vertex 17.1912 25.3934 0
    endloop
  endfacet
  facet normal -0.896709 0.442621 0
    outer loop
      vertex 18.666 24.1 0
      vertex 18.7239 24.2173 3.2
      vertex 18.7239 24.2173 0
    endloop
  endfacet
  facet normal -0.896709 0.442621 0
    outer loop
      vertex 18.7239 24.2173 3.2
      vertex 18.666 24.1 0
      vertex 18.666 24.1 3.2
    endloop
  endfacet
  facet normal -0.831815 0.555053 0
    outer loop
      vertex 18.5934 23.9912 0
      vertex 18.666 24.1 3.2
      vertex 18.666 24.1 0
    endloop
  endfacet
  facet normal -0.831815 0.555053 0
    outer loop
      vertex 18.666 24.1 3.2
      vertex 18.5934 23.9912 0
      vertex 18.5934 23.9912 3.2
    endloop
  endfacet
  facet normal -0.321039 0.947066 0
    outer loop
      vertex 18.1827 23.6761 0
      vertex 18.0588 23.6341 3.2
      vertex 18.1827 23.6761 3.2
    endloop
  endfacet
  facet normal -0.321039 0.947066 0
    outer loop
      vertex 18.0588 23.6341 3.2
      vertex 18.1827 23.6761 0
      vertex 18.0588 23.6341 0
    endloop
  endfacet
  facet normal -0.442621 -0.896709 0
    outer loop
      vertex 18.1827 25.5239 0
      vertex 18.3 25.466 3.2
      vertex 18.1827 25.5239 3.2
    endloop
  endfacet
  facet normal -0.442621 -0.896709 -0
    outer loop
      vertex 18.3 25.466 3.2
      vertex 18.1827 25.5239 0
      vertex 18.3 25.466 0
    endloop
  endfacet
  facet normal 0.321039 -0.947066 0
    outer loop
      vertex 17.4173 25.5239 0
      vertex 17.5412 25.5659 3.2
      vertex 17.4173 25.5239 3.2
    endloop
  endfacet
  facet normal 0.321039 -0.947066 0
    outer loop
      vertex 17.5412 25.5659 3.2
      vertex 17.4173 25.5239 0
      vertex 17.5412 25.5659 0
    endloop
  endfacet
  facet normal 0.0657577 0.997836 -0
    outer loop
      vertex 17.8 23.6 0
      vertex 17.6695 23.6086 3.2
      vertex 17.8 23.6 3.2
    endloop
  endfacet
  facet normal 0.0657577 0.997836 0
    outer loop
      vertex 17.6695 23.6086 3.2
      vertex 17.8 23.6 0
      vertex 17.6695 23.6086 0
    endloop
  endfacet
  facet normal 0.751486 0.659749 0
    outer loop
      vertex 17.0929 23.8929 3.2
      vertex 17.0066 23.9912 0
      vertex 17.0066 23.9912 3.2
    endloop
  endfacet
  facet normal 0.751486 0.659749 0
    outer loop
      vertex 17.0066 23.9912 0
      vertex 17.0929 23.8929 3.2
      vertex 17.0929 23.8929 0
    endloop
  endfacet
  facet normal 0.19494 -0.980815 0
    outer loop
      vertex 17.5412 25.5659 0
      vertex 17.6695 25.5914 3.2
      vertex 17.5412 25.5659 3.2
    endloop
  endfacet
  facet normal 0.19494 -0.980815 0
    outer loop
      vertex 17.6695 25.5914 3.2
      vertex 17.5412 25.5659 0
      vertex 17.6695 25.5914 0
    endloop
  endfacet
  facet normal -0.555053 -0.831815 0
    outer loop
      vertex 18.3 25.466 0
      vertex 18.4088 25.3934 3.2
      vertex 18.3 25.466 3.2
    endloop
  endfacet
  facet normal -0.555053 -0.831815 -0
    outer loop
      vertex 18.4088 25.3934 3.2
      vertex 18.3 25.466 0
      vertex 18.4088 25.3934 0
    endloop
  endfacet
  facet normal -0.831815 -0.555053 0
    outer loop
      vertex 18.666 25.1 0
      vertex 18.5934 25.2088 3.2
      vertex 18.5934 25.2088 0
    endloop
  endfacet
  facet normal -0.831815 -0.555053 0
    outer loop
      vertex 18.5934 25.2088 3.2
      vertex 18.666 25.1 0
      vertex 18.666 25.1 3.2
    endloop
  endfacet
  facet normal 0.442621 -0.896709 0
    outer loop
      vertex 17.3 25.466 0
      vertex 17.4173 25.5239 3.2
      vertex 17.3 25.466 3.2
    endloop
  endfacet
  facet normal 0.442621 -0.896709 0
    outer loop
      vertex 17.4173 25.5239 3.2
      vertex 17.3 25.466 0
      vertex 17.4173 25.5239 0
    endloop
  endfacet
  facet normal -0.947066 0.321039 0
    outer loop
      vertex 18.7239 24.2173 0
      vertex 18.7659 24.3412 3.2
      vertex 18.7659 24.3412 0
    endloop
  endfacet
  facet normal -0.947066 0.321039 0
    outer loop
      vertex 18.7659 24.3412 3.2
      vertex 18.7239 24.2173 0
      vertex 18.7239 24.2173 3.2
    endloop
  endfacet
  facet normal -0.997836 0.0657577 0
    outer loop
      vertex 18.7914 24.4695 0
      vertex 18.8 24.6 3.2
      vertex 18.8 24.6 0
    endloop
  endfacet
  facet normal -0.997836 0.0657577 0
    outer loop
      vertex 18.8 24.6 3.2
      vertex 18.7914 24.4695 0
      vertex 18.7914 24.4695 3.2
    endloop
  endfacet
  facet normal -0.751486 -0.659749 0
    outer loop
      vertex 18.5934 25.2088 0
      vertex 18.5071 25.3071 3.2
      vertex 18.5071 25.3071 0
    endloop
  endfacet
  facet normal -0.751486 -0.659749 0
    outer loop
      vertex 18.5071 25.3071 3.2
      vertex 18.5934 25.2088 0
      vertex 18.5934 25.2088 3.2
    endloop
  endfacet
  facet normal 0.0657577 -0.997836 0
    outer loop
      vertex 17.6695 25.5914 0
      vertex 17.8 25.6 3.2
      vertex 17.6695 25.5914 3.2
    endloop
  endfacet
  facet normal 0.0657577 -0.997836 0
    outer loop
      vertex 17.8 25.6 3.2
      vertex 17.6695 25.5914 0
      vertex 17.8 25.6 0
    endloop
  endfacet
  facet normal 0.980815 0.19494 0
    outer loop
      vertex 16.8341 24.3412 3.2
      vertex 16.8086 24.4695 0
      vertex 16.8086 24.4695 3.2
    endloop
  endfacet
  facet normal 0.980815 0.19494 0
    outer loop
      vertex 16.8086 24.4695 0
      vertex 16.8341 24.3412 3.2
      vertex 16.8341 24.3412 0
    endloop
  endfacet
  facet normal -0.19494 -0.980815 0
    outer loop
      vertex 17.9305 25.5914 0
      vertex 18.0588 25.5659 3.2
      vertex 17.9305 25.5914 3.2
    endloop
  endfacet
  facet normal -0.19494 -0.980815 -0
    outer loop
      vertex 18.0588 25.5659 3.2
      vertex 17.9305 25.5914 0
      vertex 18.0588 25.5659 0
    endloop
  endfacet
  facet normal 0.997836 -0.0657577 0
    outer loop
      vertex 16.8 24.6 3.2
      vertex 16.8086 24.7305 0
      vertex 16.8086 24.7305 3.2
    endloop
  endfacet
  facet normal 0.997836 -0.0657577 0
    outer loop
      vertex 16.8086 24.7305 0
      vertex 16.8 24.6 3.2
      vertex 16.8 24.6 0
    endloop
  endfacet
  facet normal -0.896709 -0.442621 0
    outer loop
      vertex 18.7239 24.9827 0
      vertex 18.666 25.1 3.2
      vertex 18.666 25.1 0
    endloop
  endfacet
  facet normal -0.896709 -0.442621 0
    outer loop
      vertex 18.666 25.1 3.2
      vertex 18.7239 24.9827 0
      vertex 18.7239 24.9827 3.2
    endloop
  endfacet
  facet normal 0.442621 0.896709 -0
    outer loop
      vertex 17.4173 23.6761 0
      vertex 17.3 23.734 3.2
      vertex 17.4173 23.6761 3.2
    endloop
  endfacet
  facet normal 0.442621 0.896709 0
    outer loop
      vertex 17.3 23.734 3.2
      vertex 17.4173 23.6761 0
      vertex 17.3 23.734 0
    endloop
  endfacet
  facet normal -0.0657577 0.997836 0
    outer loop
      vertex 17.9305 23.6086 0
      vertex 17.8 23.6 3.2
      vertex 17.9305 23.6086 3.2
    endloop
  endfacet
  facet normal -0.0657577 0.997836 0
    outer loop
      vertex 17.8 23.6 3.2
      vertex 17.9305 23.6086 0
      vertex 17.8 23.6 0
    endloop
  endfacet
  facet normal -0.659749 -0.751486 0
    outer loop
      vertex 18.4088 25.3934 0
      vertex 18.5071 25.3071 3.2
      vertex 18.4088 25.3934 3.2
    endloop
  endfacet
  facet normal -0.659749 -0.751486 -0
    outer loop
      vertex 18.5071 25.3071 3.2
      vertex 18.4088 25.3934 0
      vertex 18.5071 25.3071 0
    endloop
  endfacet
  facet normal 0.555053 -0.831815 0
    outer loop
      vertex 17.1912 25.3934 0
      vertex 17.3 25.466 3.2
      vertex 17.1912 25.3934 3.2
    endloop
  endfacet
  facet normal 0.555053 -0.831815 0
    outer loop
      vertex 17.3 25.466 3.2
      vertex 17.1912 25.3934 0
      vertex 17.3 25.466 0
    endloop
  endfacet
  facet normal 0.751486 -0.659749 0
    outer loop
      vertex 17.0066 25.2088 3.2
      vertex 17.0929 25.3071 0
      vertex 17.0929 25.3071 3.2
    endloop
  endfacet
  facet normal 0.751486 -0.659749 0
    outer loop
      vertex 17.0929 25.3071 0
      vertex 17.0066 25.2088 3.2
      vertex 17.0066 25.2088 0
    endloop
  endfacet
  facet normal 0.997836 0.0657577 0
    outer loop
      vertex 16.8086 24.4695 3.2
      vertex 16.8 24.6 0
      vertex 16.8 24.6 3.2
    endloop
  endfacet
  facet normal 0.997836 0.0657577 0
    outer loop
      vertex 16.8 24.6 0
      vertex 16.8086 24.4695 3.2
      vertex 16.8086 24.4695 0
    endloop
  endfacet
  facet normal -0.321039 -0.947066 0
    outer loop
      vertex 18.0588 25.5659 0
      vertex 18.1827 25.5239 3.2
      vertex 18.0588 25.5659 3.2
    endloop
  endfacet
  facet normal -0.321039 -0.947066 -0
    outer loop
      vertex 18.1827 25.5239 3.2
      vertex 18.0588 25.5659 0
      vertex 18.1827 25.5239 0
    endloop
  endfacet
  facet normal 0.947066 -0.321039 0
    outer loop
      vertex 16.8341 24.8588 3.2
      vertex 16.8761 24.9827 0
      vertex 16.8761 24.9827 3.2
    endloop
  endfacet
  facet normal 0.947066 -0.321039 0
    outer loop
      vertex 16.8761 24.9827 0
      vertex 16.8341 24.8588 3.2
      vertex 16.8341 24.8588 0
    endloop
  endfacet
  facet normal -0.947066 -0.321039 0
    outer loop
      vertex 18.7659 24.8588 0
      vertex 18.7239 24.9827 3.2
      vertex 18.7239 24.9827 0
    endloop
  endfacet
  facet normal -0.947066 -0.321039 0
    outer loop
      vertex 18.7239 24.9827 3.2
      vertex 18.7659 24.8588 0
      vertex 18.7659 24.8588 3.2
    endloop
  endfacet
  facet normal 0.831815 -0.555053 0
    outer loop
      vertex 16.934 25.1 3.2
      vertex 17.0066 25.2088 0
      vertex 17.0066 25.2088 3.2
    endloop
  endfacet
  facet normal 0.831815 -0.555053 0
    outer loop
      vertex 17.0066 25.2088 0
      vertex 16.934 25.1 3.2
      vertex 16.934 25.1 0
    endloop
  endfacet
  facet normal -0.555053 0.831815 0
    outer loop
      vertex 18.4088 23.8066 0
      vertex 18.3 23.734 3.2
      vertex 18.4088 23.8066 3.2
    endloop
  endfacet
  facet normal -0.555053 0.831815 0
    outer loop
      vertex 18.3 23.734 3.2
      vertex 18.4088 23.8066 0
      vertex 18.3 23.734 0
    endloop
  endfacet
  facet normal 0.659749 0.751486 -0
    outer loop
      vertex 17.1912 23.8066 0
      vertex 17.0929 23.8929 3.2
      vertex 17.1912 23.8066 3.2
    endloop
  endfacet
  facet normal 0.659749 0.751486 0
    outer loop
      vertex 17.0929 23.8929 3.2
      vertex 17.1912 23.8066 0
      vertex 17.0929 23.8929 0
    endloop
  endfacet
  facet normal -0.442621 0.896709 0
    outer loop
      vertex 18.3 23.734 0
      vertex 18.1827 23.6761 3.2
      vertex 18.3 23.734 3.2
    endloop
  endfacet
  facet normal -0.442621 0.896709 0
    outer loop
      vertex 18.1827 23.6761 3.2
      vertex 18.3 23.734 0
      vertex 18.1827 23.6761 0
    endloop
  endfacet
  facet normal -0.751486 0.659749 0
    outer loop
      vertex 18.5071 23.8929 0
      vertex 18.5934 23.9912 3.2
      vertex 18.5934 23.9912 0
    endloop
  endfacet
  facet normal -0.751486 0.659749 0
    outer loop
      vertex 18.5934 23.9912 3.2
      vertex 18.5071 23.8929 0
      vertex 18.5071 23.8929 3.2
    endloop
  endfacet
  facet normal 0.831815 0.555053 0
    outer loop
      vertex 17.0066 23.9912 3.2
      vertex 16.934 24.1 0
      vertex 16.934 24.1 3.2
    endloop
  endfacet
  facet normal 0.831815 0.555053 0
    outer loop
      vertex 16.934 24.1 0
      vertex 17.0066 23.9912 3.2
      vertex 17.0066 23.9912 0
    endloop
  endfacet
  facet normal 0.896709 0.442621 0
    outer loop
      vertex 16.934 24.1 3.2
      vertex 16.8761 24.2173 0
      vertex 16.8761 24.2173 3.2
    endloop
  endfacet
  facet normal 0.896709 0.442621 0
    outer loop
      vertex 16.8761 24.2173 0
      vertex 16.934 24.1 3.2
      vertex 16.934 24.1 0
    endloop
  endfacet
  facet normal 0.555053 0.831815 -0
    outer loop
      vertex 17.3 23.734 0
      vertex 17.1912 23.8066 3.2
      vertex 17.3 23.734 3.2
    endloop
  endfacet
  facet normal 0.555053 0.831815 0
    outer loop
      vertex 17.1912 23.8066 3.2
      vertex 17.3 23.734 0
      vertex 17.1912 23.8066 0
    endloop
  endfacet
  facet normal -0.659749 0.751486 0
    outer loop
      vertex 18.5071 23.8929 0
      vertex 18.4088 23.8066 3.2
      vertex 18.5071 23.8929 3.2
    endloop
  endfacet
  facet normal -0.659749 0.751486 0
    outer loop
      vertex 18.4088 23.8066 3.2
      vertex 18.5071 23.8929 0
      vertex 18.4088 23.8066 0
    endloop
  endfacet
  facet normal 0.980781 0.195113 0
    outer loop
      vertex 9.19059 18.3436 11.3
      vertex 9.16252 18.4847 3.2
      vertex 9.16252 18.4847 11.3
    endloop
  endfacet
  facet normal 0.980781 0.195113 0
    outer loop
      vertex 9.16252 18.4847 3.2
      vertex 9.19059 18.3436 11.3
      vertex 9.19059 18.3436 3.2
    endloop
  endfacet
  facet normal 0.99786 0.065389 0
    outer loop
      vertex 9.2 18.2 11.3
      vertex 9.19059 18.3436 3.2
      vertex 9.19059 18.3436 11.3
    endloop
  endfacet
  facet normal 0.99786 0.065389 0
    outer loop
      vertex 9.19059 18.3436 3.2
      vertex 9.2 18.2 11.3
      vertex 9.2 18.2 3.2
    endloop
  endfacet
  facet normal 0.946967 0.32133 0
    outer loop
      vertex 9.16252 18.4847 11.3
      vertex 9.11627 18.621 3.2
      vertex 9.11627 18.621 11.3
    endloop
  endfacet
  facet normal 0.946967 0.32133 0
    outer loop
      vertex 9.11627 18.621 3.2
      vertex 9.16252 18.4847 11.3
      vertex 9.16252 18.4847 3.2
    endloop
  endfacet
  facet normal -0.980781 0.195113 0
    outer loop
      vertex 7.00941 18.3436 3.2
      vertex 7.03748 18.4847 11.3
      vertex 7.03748 18.4847 3.2
    endloop
  endfacet
  facet normal -0.980781 0.195113 0
    outer loop
      vertex 7.03748 18.4847 11.3
      vertex 7.00941 18.3436 3.2
      vertex 7.00941 18.3436 11.3
    endloop
  endfacet
  facet normal -0.896806 -0.442424 0
    outer loop
      vertex 7.14737 17.65 3.2
      vertex 7.08373 17.779 11.3
      vertex 7.08373 17.779 3.2
    endloop
  endfacet
  facet normal -0.896806 -0.442424 0
    outer loop
      vertex 7.08373 17.779 11.3
      vertex 7.14737 17.65 3.2
      vertex 7.14737 17.65 11.3
    endloop
  endfacet
  facet normal -0.442622 0.896708 0
    outer loop
      vertex 7.67905 19.2163 3.2
      vertex 7.55 19.1526 11.3
      vertex 7.67905 19.2163 11.3
    endloop
  endfacet
  facet normal -0.442622 0.896708 0
    outer loop
      vertex 7.55 19.1526 11.3
      vertex 7.67905 19.2163 3.2
      vertex 7.55 19.1526 3.2
    endloop
  endfacet
  facet normal 0.321124 0.947037 -0
    outer loop
      vertex 8.52095 19.2163 3.2
      vertex 8.3847 19.2625 11.3
      vertex 8.52095 19.2163 11.3
    endloop
  endfacet
  facet normal 0.321124 0.947037 0
    outer loop
      vertex 8.3847 19.2625 11.3
      vertex 8.52095 19.2163 3.2
      vertex 8.3847 19.2625 3.2
    endloop
  endfacet
  facet normal 0.321124 -0.947037 0
    outer loop
      vertex 8.3847 17.1375 3.2
      vertex 8.52095 17.1837 11.3
      vertex 8.3847 17.1375 11.3
    endloop
  endfacet
  facet normal 0.321124 -0.947037 0
    outer loop
      vertex 8.52095 17.1837 11.3
      vertex 8.3847 17.1375 3.2
      vertex 8.52095 17.1837 3.2
    endloop
  endfacet
  facet normal 0.896806 0.442424 0
    outer loop
      vertex 9.11627 18.621 11.3
      vertex 9.05263 18.75 3.2
      vertex 9.05263 18.75 11.3
    endloop
  endfacet
  facet normal 0.896806 0.442424 0
    outer loop
      vertex 9.05263 18.75 3.2
      vertex 9.11627 18.621 11.3
      vertex 9.11627 18.621 3.2
    endloop
  endfacet
  facet normal 0.946967 -0.32133 0
    outer loop
      vertex 9.11627 17.779 11.3
      vertex 9.16252 17.9153 3.2
      vertex 9.16252 17.9153 11.3
    endloop
  endfacet
  facet normal 0.946967 -0.32133 0
    outer loop
      vertex 9.16252 17.9153 3.2
      vertex 9.11627 17.779 11.3
      vertex 9.11627 17.779 3.2
    endloop
  endfacet
  facet normal -0.831387 0.555694 0
    outer loop
      vertex 7.14737 18.75 3.2
      vertex 7.22731 18.8696 11.3
      vertex 7.22731 18.8696 3.2
    endloop
  endfacet
  facet normal -0.831387 0.555694 0
    outer loop
      vertex 7.22731 18.8696 11.3
      vertex 7.14737 18.75 3.2
      vertex 7.14737 18.75 11.3
    endloop
  endfacet
  facet normal -0.99786 0.065389 0
    outer loop
      vertex 7 18.2 3.2
      vertex 7.00941 18.3436 11.3
      vertex 7.00941 18.3436 3.2
    endloop
  endfacet
  facet normal -0.99786 0.065389 0
    outer loop
      vertex 7.00941 18.3436 11.3
      vertex 7 18.2 3.2
      vertex 7 18.2 11.3
    endloop
  endfacet
  facet normal -0.195287 0.980746 0
    outer loop
      vertex 7.95642 19.2906 3.2
      vertex 7.8153 19.2625 11.3
      vertex 7.95642 19.2906 11.3
    endloop
  endfacet
  facet normal -0.195287 0.980746 0
    outer loop
      vertex 7.8153 19.2625 11.3
      vertex 7.95642 19.2906 3.2
      vertex 7.8153 19.2625 3.2
    endloop
  endfacet
  facet normal -0.751905 0.659272 0
    outer loop
      vertex 7.22731 18.8696 3.2
      vertex 7.32218 18.9778 11.3
      vertex 7.32218 18.9778 3.2
    endloop
  endfacet
  facet normal -0.751905 0.659272 0
    outer loop
      vertex 7.32218 18.9778 11.3
      vertex 7.22731 18.8696 3.2
      vertex 7.22731 18.8696 11.3
    endloop
  endfacet
  facet normal 0.896806 -0.442424 0
    outer loop
      vertex 9.05263 17.65 11.3
      vertex 9.11627 17.779 3.2
      vertex 9.11627 17.779 11.3
    endloop
  endfacet
  facet normal 0.896806 -0.442424 0
    outer loop
      vertex 9.11627 17.779 3.2
      vertex 9.05263 17.65 11.3
      vertex 9.05263 17.65 3.2
    endloop
  endfacet
  facet normal 0.195287 -0.980746 0
    outer loop
      vertex 8.24358 17.1094 3.2
      vertex 8.3847 17.1375 11.3
      vertex 8.24358 17.1094 11.3
    endloop
  endfacet
  facet normal 0.195287 -0.980746 0
    outer loop
      vertex 8.3847 17.1375 11.3
      vertex 8.24358 17.1094 3.2
      vertex 8.3847 17.1375 3.2
    endloop
  endfacet
  facet normal 0.555374 -0.831601 0
    outer loop
      vertex 8.65 17.2474 3.2
      vertex 8.76964 17.3273 11.3
      vertex 8.65 17.2474 11.3
    endloop
  endfacet
  facet normal 0.555374 -0.831601 0
    outer loop
      vertex 8.76964 17.3273 11.3
      vertex 8.65 17.2474 3.2
      vertex 8.76964 17.3273 3.2
    endloop
  endfacet
  facet normal -0.321124 -0.947037 0
    outer loop
      vertex 7.67905 17.1837 3.2
      vertex 7.8153 17.1375 11.3
      vertex 7.67905 17.1837 11.3
    endloop
  endfacet
  facet normal -0.321124 -0.947037 -0
    outer loop
      vertex 7.8153 17.1375 11.3
      vertex 7.67905 17.1837 3.2
      vertex 7.8153 17.1375 3.2
    endloop
  endfacet
  facet normal 0.555374 0.831601 -0
    outer loop
      vertex 8.76964 19.0727 3.2
      vertex 8.65 19.1526 11.3
      vertex 8.76964 19.0727 11.3
    endloop
  endfacet
  facet normal 0.555374 0.831601 0
    outer loop
      vertex 8.65 19.1526 11.3
      vertex 8.76964 19.0727 3.2
      vertex 8.65 19.1526 3.2
    endloop
  endfacet
  facet normal -0.195287 -0.980746 0
    outer loop
      vertex 7.8153 17.1375 3.2
      vertex 7.95642 17.1094 11.3
      vertex 7.8153 17.1375 11.3
    endloop
  endfacet
  facet normal -0.195287 -0.980746 -0
    outer loop
      vertex 7.95642 17.1094 11.3
      vertex 7.8153 17.1375 3.2
      vertex 7.95642 17.1094 3.2
    endloop
  endfacet
  facet normal -0.751905 -0.659272 0
    outer loop
      vertex 7.32218 17.4222 3.2
      vertex 7.22731 17.5304 11.3
      vertex 7.22731 17.5304 3.2
    endloop
  endfacet
  facet normal -0.751905 -0.659272 0
    outer loop
      vertex 7.22731 17.5304 11.3
      vertex 7.32218 17.4222 3.2
      vertex 7.32218 17.4222 11.3
    endloop
  endfacet
  facet normal 0.442622 0.896708 -0
    outer loop
      vertex 8.65 19.1526 3.2
      vertex 8.52095 19.2163 11.3
      vertex 8.65 19.1526 11.3
    endloop
  endfacet
  facet normal 0.442622 0.896708 0
    outer loop
      vertex 8.52095 19.2163 11.3
      vertex 8.65 19.1526 3.2
      vertex 8.52095 19.2163 3.2
    endloop
  endfacet
  facet normal 0.980781 -0.195113 0
    outer loop
      vertex 9.16252 17.9153 11.3
      vertex 9.19059 18.0564 3.2
      vertex 9.19059 18.0564 11.3
    endloop
  endfacet
  facet normal 0.980781 -0.195113 0
    outer loop
      vertex 9.19059 18.0564 3.2
      vertex 9.16252 17.9153 11.3
      vertex 9.16252 17.9153 3.2
    endloop
  endfacet
  facet normal 0.659458 0.751741 -0
    outer loop
      vertex 8.87782 18.9778 3.2
      vertex 8.76964 19.0727 11.3
      vertex 8.87782 18.9778 11.3
    endloop
  endfacet
  facet normal 0.659458 0.751741 0
    outer loop
      vertex 8.76964 19.0727 11.3
      vertex 8.87782 18.9778 3.2
      vertex 8.76964 19.0727 3.2
    endloop
  endfacet
  facet normal 0.99786 -0.065389 0
    outer loop
      vertex 9.19059 18.0564 11.3
      vertex 9.2 18.2 3.2
      vertex 9.2 18.2 11.3
    endloop
  endfacet
  facet normal 0.99786 -0.065389 0
    outer loop
      vertex 9.2 18.2 3.2
      vertex 9.19059 18.0564 11.3
      vertex 9.19059 18.0564 3.2
    endloop
  endfacet
  facet normal -0.555374 0.831601 0
    outer loop
      vertex 7.55 19.1526 3.2
      vertex 7.43036 19.0727 11.3
      vertex 7.55 19.1526 11.3
    endloop
  endfacet
  facet normal -0.555374 0.831601 0
    outer loop
      vertex 7.43036 19.0727 11.3
      vertex 7.55 19.1526 3.2
      vertex 7.43036 19.0727 3.2
    endloop
  endfacet
  facet normal 0.751905 0.659272 0
    outer loop
      vertex 8.97269 18.8696 11.3
      vertex 8.87782 18.9778 3.2
      vertex 8.87782 18.9778 11.3
    endloop
  endfacet
  facet normal 0.751905 0.659272 0
    outer loop
      vertex 8.87782 18.9778 3.2
      vertex 8.97269 18.8696 11.3
      vertex 8.97269 18.8696 3.2
    endloop
  endfacet
  facet normal 0.659458 -0.751741 0
    outer loop
      vertex 8.76964 17.3273 3.2
      vertex 8.87782 17.4222 11.3
      vertex 8.76964 17.3273 11.3
    endloop
  endfacet
  facet normal 0.659458 -0.751741 0
    outer loop
      vertex 8.87782 17.4222 11.3
      vertex 8.76964 17.3273 3.2
      vertex 8.87782 17.4222 3.2
    endloop
  endfacet
  facet normal -0.0653289 -0.997864 0
    outer loop
      vertex 7.95642 17.1094 3.2
      vertex 8.1 17.1 11.3
      vertex 7.95642 17.1094 11.3
    endloop
  endfacet
  facet normal -0.0653289 -0.997864 -0
    outer loop
      vertex 8.1 17.1 11.3
      vertex 7.95642 17.1094 3.2
      vertex 8.1 17.1 3.2
    endloop
  endfacet
  facet normal -0.831387 -0.555694 0
    outer loop
      vertex 7.22731 17.5304 3.2
      vertex 7.14737 17.65 11.3
      vertex 7.14737 17.65 3.2
    endloop
  endfacet
  facet normal -0.831387 -0.555694 0
    outer loop
      vertex 7.14737 17.65 11.3
      vertex 7.22731 17.5304 3.2
      vertex 7.22731 17.5304 11.3
    endloop
  endfacet
  facet normal 0.831387 -0.555694 0
    outer loop
      vertex 8.97269 17.5304 11.3
      vertex 9.05263 17.65 3.2
      vertex 9.05263 17.65 11.3
    endloop
  endfacet
  facet normal 0.831387 -0.555694 0
    outer loop
      vertex 9.05263 17.65 3.2
      vertex 8.97269 17.5304 11.3
      vertex 8.97269 17.5304 3.2
    endloop
  endfacet
  facet normal -0.659458 0.751741 0
    outer loop
      vertex 7.43036 19.0727 3.2
      vertex 7.32218 18.9778 11.3
      vertex 7.43036 19.0727 11.3
    endloop
  endfacet
  facet normal -0.659458 0.751741 0
    outer loop
      vertex 7.32218 18.9778 11.3
      vertex 7.43036 19.0727 3.2
      vertex 7.32218 18.9778 3.2
    endloop
  endfacet
  facet normal -0.980781 -0.195113 0
    outer loop
      vertex 7.03748 17.9153 3.2
      vertex 7.00941 18.0564 11.3
      vertex 7.00941 18.0564 3.2
    endloop
  endfacet
  facet normal -0.980781 -0.195113 0
    outer loop
      vertex 7.00941 18.0564 11.3
      vertex 7.03748 17.9153 3.2
      vertex 7.03748 17.9153 11.3
    endloop
  endfacet
  facet normal 0.751905 -0.659272 0
    outer loop
      vertex 8.87782 17.4222 11.3
      vertex 8.97269 17.5304 3.2
      vertex 8.97269 17.5304 11.3
    endloop
  endfacet
  facet normal 0.751905 -0.659272 0
    outer loop
      vertex 8.97269 17.5304 3.2
      vertex 8.87782 17.4222 11.3
      vertex 8.87782 17.4222 3.2
    endloop
  endfacet
  facet normal -0.99786 -0.065389 0
    outer loop
      vertex 7.00941 18.0564 3.2
      vertex 7 18.2 11.3
      vertex 7 18.2 3.2
    endloop
  endfacet
  facet normal -0.99786 -0.065389 0
    outer loop
      vertex 7 18.2 11.3
      vertex 7.00941 18.0564 3.2
      vertex 7.00941 18.0564 11.3
    endloop
  endfacet
  facet normal 0.0653289 -0.997864 0
    outer loop
      vertex 8.1 17.1 3.2
      vertex 8.24358 17.1094 11.3
      vertex 8.1 17.1 11.3
    endloop
  endfacet
  facet normal 0.0653289 -0.997864 0
    outer loop
      vertex 8.24358 17.1094 11.3
      vertex 8.1 17.1 3.2
      vertex 8.24358 17.1094 3.2
    endloop
  endfacet
  facet normal -0.659458 -0.751741 0
    outer loop
      vertex 7.32218 17.4222 3.2
      vertex 7.43036 17.3273 11.3
      vertex 7.32218 17.4222 11.3
    endloop
  endfacet
  facet normal -0.659458 -0.751741 -0
    outer loop
      vertex 7.43036 17.3273 11.3
      vertex 7.32218 17.4222 3.2
      vertex 7.43036 17.3273 3.2
    endloop
  endfacet
  facet normal 0.831387 0.555694 0
    outer loop
      vertex 9.05263 18.75 11.3
      vertex 8.97269 18.8696 3.2
      vertex 8.97269 18.8696 11.3
    endloop
  endfacet
  facet normal 0.831387 0.555694 0
    outer loop
      vertex 8.97269 18.8696 3.2
      vertex 9.05263 18.75 11.3
      vertex 9.05263 18.75 3.2
    endloop
  endfacet
  facet normal 0.442622 -0.896708 0
    outer loop
      vertex 8.52095 17.1837 3.2
      vertex 8.65 17.2474 11.3
      vertex 8.52095 17.1837 11.3
    endloop
  endfacet
  facet normal 0.442622 -0.896708 0
    outer loop
      vertex 8.65 17.2474 11.3
      vertex 8.52095 17.1837 3.2
      vertex 8.65 17.2474 3.2
    endloop
  endfacet
  facet normal 0.195287 0.980746 -0
    outer loop
      vertex 8.3847 19.2625 3.2
      vertex 8.24358 19.2906 11.3
      vertex 8.3847 19.2625 11.3
    endloop
  endfacet
  facet normal 0.195287 0.980746 0
    outer loop
      vertex 8.24358 19.2906 11.3
      vertex 8.3847 19.2625 3.2
      vertex 8.24358 19.2906 3.2
    endloop
  endfacet
  facet normal -0.555374 -0.831601 0
    outer loop
      vertex 7.43036 17.3273 3.2
      vertex 7.55 17.2474 11.3
      vertex 7.43036 17.3273 11.3
    endloop
  endfacet
  facet normal -0.555374 -0.831601 -0
    outer loop
      vertex 7.55 17.2474 11.3
      vertex 7.43036 17.3273 3.2
      vertex 7.55 17.2474 3.2
    endloop
  endfacet
  facet normal -0.321124 0.947037 0
    outer loop
      vertex 7.8153 19.2625 3.2
      vertex 7.67905 19.2163 11.3
      vertex 7.8153 19.2625 11.3
    endloop
  endfacet
  facet normal -0.321124 0.947037 0
    outer loop
      vertex 7.67905 19.2163 11.3
      vertex 7.8153 19.2625 3.2
      vertex 7.67905 19.2163 3.2
    endloop
  endfacet
  facet normal 0.0653289 0.997864 -0
    outer loop
      vertex 8.24358 19.2906 3.2
      vertex 8.1 19.3 11.3
      vertex 8.24358 19.2906 11.3
    endloop
  endfacet
  facet normal 0.0653289 0.997864 0
    outer loop
      vertex 8.1 19.3 11.3
      vertex 8.24358 19.2906 3.2
      vertex 8.1 19.3 3.2
    endloop
  endfacet
  facet normal -0.442622 -0.896708 0
    outer loop
      vertex 7.55 17.2474 3.2
      vertex 7.67905 17.1837 11.3
      vertex 7.55 17.2474 11.3
    endloop
  endfacet
  facet normal -0.442622 -0.896708 -0
    outer loop
      vertex 7.67905 17.1837 11.3
      vertex 7.55 17.2474 3.2
      vertex 7.67905 17.1837 3.2
    endloop
  endfacet
  facet normal -0.946967 -0.32133 0
    outer loop
      vertex 7.08373 17.779 3.2
      vertex 7.03748 17.9153 11.3
      vertex 7.03748 17.9153 3.2
    endloop
  endfacet
  facet normal -0.946967 -0.32133 0
    outer loop
      vertex 7.03748 17.9153 11.3
      vertex 7.08373 17.779 3.2
      vertex 7.08373 17.779 11.3
    endloop
  endfacet
  facet normal -0.0653289 0.997864 0
    outer loop
      vertex 8.1 19.3 3.2
      vertex 7.95642 19.2906 11.3
      vertex 8.1 19.3 11.3
    endloop
  endfacet
  facet normal -0.0653289 0.997864 0
    outer loop
      vertex 7.95642 19.2906 11.3
      vertex 8.1 19.3 3.2
      vertex 7.95642 19.2906 3.2
    endloop
  endfacet
  facet normal -0.946967 0.32133 0
    outer loop
      vertex 7.03748 18.4847 3.2
      vertex 7.08373 18.621 11.3
      vertex 7.08373 18.621 3.2
    endloop
  endfacet
  facet normal -0.946967 0.32133 0
    outer loop
      vertex 7.08373 18.621 11.3
      vertex 7.03748 18.4847 3.2
      vertex 7.03748 18.4847 11.3
    endloop
  endfacet
  facet normal 0 0 1
    outer loop
      vertex 9.19059 18.3436 11.3
      vertex 9.19059 18.0564 11.3
      vertex 9.2 18.2 11.3
    endloop
  endfacet
  facet normal 0 0 1
    outer loop
      vertex 9.16252 18.4847 11.3
      vertex 9.19059 18.0564 11.3
      vertex 9.19059 18.3436 11.3
    endloop
  endfacet
  facet normal 0 0 1
    outer loop
      vertex 9.16252 18.4847 11.3
      vertex 9.16252 17.9153 11.3
      vertex 9.19059 18.0564 11.3
    endloop
  endfacet
  facet normal 0 0 1
    outer loop
      vertex 9.11627 18.621 11.3
      vertex 9.16252 17.9153 11.3
      vertex 9.16252 18.4847 11.3
    endloop
  endfacet
  facet normal 0 0 1
    outer loop
      vertex 9.11627 18.621 11.3
      vertex 9.11627 17.779 11.3
      vertex 9.16252 17.9153 11.3
    endloop
  endfacet
  facet normal 0 0 1
    outer loop
      vertex 9.05263 18.75 11.3
      vertex 9.11627 17.779 11.3
      vertex 9.11627 18.621 11.3
    endloop
  endfacet
  facet normal 0 0 1
    outer loop
      vertex 9.05263 18.75 11.3
      vertex 9.05263 17.65 11.3
      vertex 9.11627 17.779 11.3
    endloop
  endfacet
  facet normal 0 0 1
    outer loop
      vertex 8.97269 18.8696 11.3
      vertex 9.05263 17.65 11.3
      vertex 9.05263 18.75 11.3
    endloop
  endfacet
  facet normal 0 0 1
    outer loop
      vertex 8.97269 18.8696 11.3
      vertex 8.97269 17.5304 11.3
      vertex 9.05263 17.65 11.3
    endloop
  endfacet
  facet normal 0 0 1
    outer loop
      vertex 8.87782 18.9778 11.3
      vertex 8.97269 17.5304 11.3
      vertex 8.97269 18.8696 11.3
    endloop
  endfacet
  facet normal 0 0 1
    outer loop
      vertex 8.87782 18.9778 11.3
      vertex 8.87782 17.4222 11.3
      vertex 8.97269 17.5304 11.3
    endloop
  endfacet
  facet normal 0 0 1
    outer loop
      vertex 8.76964 19.0727 11.3
      vertex 8.87782 17.4222 11.3
      vertex 8.87782 18.9778 11.3
    endloop
  endfacet
  facet normal 0 0 1
    outer loop
      vertex 8.76964 19.0727 11.3
      vertex 8.76964 17.3273 11.3
      vertex 8.87782 17.4222 11.3
    endloop
  endfacet
  facet normal 0 0 1
    outer loop
      vertex 8.65 19.1526 11.3
      vertex 8.76964 17.3273 11.3
      vertex 8.76964 19.0727 11.3
    endloop
  endfacet
  facet normal 0 0 1
    outer loop
      vertex 8.65 19.1526 11.3
      vertex 8.65 17.2474 11.3
      vertex 8.76964 17.3273 11.3
    endloop
  endfacet
  facet normal 0 0 1
    outer loop
      vertex 8.52095 19.2163 11.3
      vertex 8.65 17.2474 11.3
      vertex 8.65 19.1526 11.3
    endloop
  endfacet
  facet normal 0 0 1
    outer loop
      vertex 8.52095 19.2163 11.3
      vertex 8.52095 17.1837 11.3
      vertex 8.65 17.2474 11.3
    endloop
  endfacet
  facet normal 0 0 1
    outer loop
      vertex 8.3847 19.2625 11.3
      vertex 8.52095 17.1837 11.3
      vertex 8.52095 19.2163 11.3
    endloop
  endfacet
  facet normal 0 0 1
    outer loop
      vertex 8.3847 19.2625 11.3
      vertex 8.3847 17.1375 11.3
      vertex 8.52095 17.1837 11.3
    endloop
  endfacet
  facet normal 0 0 1
    outer loop
      vertex 8.24358 19.2906 11.3
      vertex 8.3847 17.1375 11.3
      vertex 8.3847 19.2625 11.3
    endloop
  endfacet
  facet normal 0 0 1
    outer loop
      vertex 8.24358 19.2906 11.3
      vertex 8.24358 17.1094 11.3
      vertex 8.3847 17.1375 11.3
    endloop
  endfacet
  facet normal 0 0 1
    outer loop
      vertex 8.1 19.3 11.3
      vertex 8.24358 17.1094 11.3
      vertex 8.24358 19.2906 11.3
    endloop
  endfacet
  facet normal 0 0 1
    outer loop
      vertex 8.1 19.3 11.3
      vertex 8.1 17.1 11.3
      vertex 8.24358 17.1094 11.3
    endloop
  endfacet
  facet normal -0 0 1
    outer loop
      vertex 7.95642 19.2906 11.3
      vertex 8.1 17.1 11.3
      vertex 8.1 19.3 11.3
    endloop
  endfacet
  facet normal 0 0 1
    outer loop
      vertex 7.95642 19.2906 11.3
      vertex 7.95642 17.1094 11.3
      vertex 8.1 17.1 11.3
    endloop
  endfacet
  facet normal -0 0 1
    outer loop
      vertex 7.8153 19.2625 11.3
      vertex 7.95642 17.1094 11.3
      vertex 7.95642 19.2906 11.3
    endloop
  endfacet
  facet normal 0 0 1
    outer loop
      vertex 7.8153 19.2625 11.3
      vertex 7.8153 17.1375 11.3
      vertex 7.95642 17.1094 11.3
    endloop
  endfacet
  facet normal -0 0 1
    outer loop
      vertex 7.67905 19.2163 11.3
      vertex 7.8153 17.1375 11.3
      vertex 7.8153 19.2625 11.3
    endloop
  endfacet
  facet normal 0 0 1
    outer loop
      vertex 7.67905 19.2163 11.3
      vertex 7.67905 17.1837 11.3
      vertex 7.8153 17.1375 11.3
    endloop
  endfacet
  facet normal -0 0 1
    outer loop
      vertex 7.55 19.1526 11.3
      vertex 7.67905 17.1837 11.3
      vertex 7.67905 19.2163 11.3
    endloop
  endfacet
  facet normal 0 0 1
    outer loop
      vertex 7.55 19.1526 11.3
      vertex 7.55 17.2474 11.3
      vertex 7.67905 17.1837 11.3
    endloop
  endfacet
  facet normal -0 0 1
    outer loop
      vertex 7.43036 19.0727 11.3
      vertex 7.55 17.2474 11.3
      vertex 7.55 19.1526 11.3
    endloop
  endfacet
  facet normal 0 0 1
    outer loop
      vertex 7.43036 19.0727 11.3
      vertex 7.43036 17.3273 11.3
      vertex 7.55 17.2474 11.3
    endloop
  endfacet
  facet normal -0 0 1
    outer loop
      vertex 7.32218 18.9778 11.3
      vertex 7.43036 17.3273 11.3
      vertex 7.43036 19.0727 11.3
    endloop
  endfacet
  facet normal 0 0 1
    outer loop
      vertex 7.32218 18.9778 11.3
      vertex 7.32218 17.4222 11.3
      vertex 7.43036 17.3273 11.3
    endloop
  endfacet
  facet normal -0 0 1
    outer loop
      vertex 7.22731 18.8696 11.3
      vertex 7.32218 17.4222 11.3
      vertex 7.32218 18.9778 11.3
    endloop
  endfacet
  facet normal 0 0 1
    outer loop
      vertex 7.22731 18.8696 11.3
      vertex 7.22731 17.5304 11.3
      vertex 7.32218 17.4222 11.3
    endloop
  endfacet
  facet normal -0 0 1
    outer loop
      vertex 7.14737 18.75 11.3
      vertex 7.22731 17.5304 11.3
      vertex 7.22731 18.8696 11.3
    endloop
  endfacet
  facet normal 0 0 1
    outer loop
      vertex 7.14737 18.75 11.3
      vertex 7.14737 17.65 11.3
      vertex 7.22731 17.5304 11.3
    endloop
  endfacet
  facet normal -0 0 1
    outer loop
      vertex 7.08373 18.621 11.3
      vertex 7.14737 17.65 11.3
      vertex 7.14737 18.75 11.3
    endloop
  endfacet
  facet normal 0 0 1
    outer loop
      vertex 7.08373 18.621 11.3
      vertex 7.08373 17.779 11.3
      vertex 7.14737 17.65 11.3
    endloop
  endfacet
  facet normal -0 0 1
    outer loop
      vertex 7.03748 18.4847 11.3
      vertex 7.08373 17.779 11.3
      vertex 7.08373 18.621 11.3
    endloop
  endfacet
  facet normal 0 0 1
    outer loop
      vertex 7.03748 18.4847 11.3
      vertex 7.03748 17.9153 11.3
      vertex 7.08373 17.779 11.3
    endloop
  endfacet
  facet normal -0 0 1
    outer loop
      vertex 7.00941 18.3436 11.3
      vertex 7.03748 17.9153 11.3
      vertex 7.03748 18.4847 11.3
    endloop
  endfacet
  facet normal 0 0 1
    outer loop
      vertex 7.00941 18.3436 11.3
      vertex 7.00941 18.0564 11.3
      vertex 7.03748 17.9153 11.3
    endloop
  endfacet
  facet normal 0 -0 1
    outer loop
      vertex 7.00941 18.0564 11.3
      vertex 7.00941 18.3436 11.3
      vertex 7 18.2 11.3
    endloop
  endfacet
  facet normal -0.896806 0.442424 0
    outer loop
      vertex 7.08373 18.621 3.2
      vertex 7.14737 18.75 11.3
      vertex 7.14737 18.75 3.2
    endloop
  endfacet
  facet normal -0.896806 0.442424 0
    outer loop
      vertex 7.14737 18.75 11.3
      vertex 7.08373 18.621 3.2
      vertex 7.08373 18.621 11.3
    endloop
  endfacet
endsolid OpenSCAD_Model
